Account,Company,Order,SKU,Country,Year,Quantity,UnitPrice,transactionComplete
123456779,Kulas Inc,99985,s9-supercomputer,Aruba,1981,5148,545,False
123456784,GitHub,99986,s4-supercomputer,Brazil,2001,3262,383,False
123456782,Kulas Inc,99990,s10-supercomputer,Montserrat,1973,9119,407,True
123456783,My SQ Man,99999,s1-supercomputer,El Salvador,2015,3097,615,False
123456787,ABC Dogma,99996,s6-supercomputer,Poland,1970,3356,91,True
123456778,Super Sexy Dingo,99996,s9-supercomputer,Costa Rica,2004,2474,136,True
123456783,ABC Dogma,99981,s11-supercomputer,Spain,2006,4081,195,False
123456785,ABC Dogma,99998,s9-supercomputer,Belarus,2015,6576,603,False
123456778,Loolo INC,99997,s8-supercomputer,Mauritius,1999,2460,36,False
123456775,Kulas Inc,99997,s7-supercomputer,French Guiana,2004,1831,664,True
123456775,Pryianka Ji,99987,s1-supercomputer,Armenia,1997,3070,300,False
123456775,Super Sexy Dingo,99996,s2-supercomputer,Armenia,1976,3235,193,True
123456773,ABC Dogma,99980,s6-supercomputer,Slovakia (Slovak Republic),1997,7559,186,False
123456788,Will LLC,99995,s2-supercomputer,Niger,2008,8700,547,False
123456781,Kulas Inc,99989,s6-supercomputer,Israel,1994,4797,386,True
123456775,SAS Web Tec,99993,s5-supercomputer,Kazakhstan,1998,8707,596,True
123456780,Kulas Inc,99985,s11-supercomputer,Wallis and Futuna,2012,572,697,False
123456785,GitHub,99999,s2-supercomputer,Switzerland,1978,6185,645,False
123456788,Kulas Inc,99989,s5-supercomputer,Cayman Islands,2017,7092,298,False
123456772,Will LLC,99998,s6-supercomputer,Croatia,1986,1066,10,False
123456772,Super Sexy Dingo,99994,s2-supercomputer,Albania,2007,5337,466,True
123456770,ABC Dogma,99990,s7-supercomputer,Sri Lanka,1996,2875,386,True
123456787,Loolo INC,99989,s7-supercomputer,Svalbard & Jan Mayen Islands,1979,3133,371,False
123456773,Gen Power,99987,s2-supercomputer,Azerbaijan,1989,9431,612,False
123456773,My SQ Man,99994,s8-supercomputer,Georgia,2015,3473,26,True
123456784,Kulas Inc,99982,s9-supercomputer,Guinea,2019,1719,166,False
123456786,Name IT,99985,s3-supercomputer,Croatia,2007,2857,359,False
123456785,Will LLC,99996,s8-supercomputer,Cote d'Ivoire,1987,6990,649,True
123456778,Kirlosker Service Center,99985,s3-supercomputer,Iceland,2005,128,688,False
123456781,Super Sexy Dingo,99990,s9-supercomputer,Jordan,1999,361,91,False
123456787,Pryianka Ji,99989,s1-supercomputer,Oman,2018,4873,618,True
123456781,My SQ Man,99995,s4-supercomputer,Falkland Islands (Malvinas),2013,6972,162,False
123456776,Kirlosker Service Center,99989,s1-supercomputer,Malawi,2012,5863,104,True
123456786,Loolo INC,99989,s11-supercomputer,Syrian Arab Republic,1986,4433,519,False
123456787,Pryianka Ji,99995,s5-supercomputer,Somalia,1997,4705,83,True
123456786,SAS Web Tec,99987,s11-supercomputer,Andorra,1989,2523,501,True
123456774,Super Sexy Dingo,99989,s3-supercomputer,Sierra Leone,1988,5118,669,True
123456785,Kirlosker Service Center,99990,s8-supercomputer,Saint Helena,2019,2593,499,True
123456778,Kirlosker Service Center,99997,s7-supercomputer,New Caledonia,2013,6299,500,False
123456777,Pryianka Ji,99987,s9-supercomputer,San Marino,2006,3136,129,True
123456780,My SQ Man,99981,s2-supercomputer,Kiribati,1989,6785,65,False
123456774,My SQ Man,99985,s9-supercomputer,Indonesia,2013,6183,516,True
123456771,Kirlosker Service Center,99980,s10-supercomputer,Thailand,2019,6941,690,True
123456786,Super Sexy Dingo,99986,s1-supercomputer,Cook Islands,1976,6200,558,True
123456770,Loolo INC,99986,s2-supercomputer,Nicaragua,1987,7588,354,False
123456787,SAS Web Tec,99999,s2-supercomputer,Liechtenstein,2012,3846,555,True
123456780,Pryianka Ji,99989,s9-supercomputer,Saint Lucia,2010,4213,503,False
123456770,Will LLC,99993,s8-supercomputer,Kuwait,1979,894,616,False
123456776,Will LLC,99996,s3-supercomputer,Puerto Rico,2007,7078,652,False
123456786,GitHub,99997,s7-supercomputer,Ghana,1994,908,563,False
123456789,Super Sexy Dingo,99998,s3-supercomputer,Poland,1993,3746,289,False
123456783,Kulas Inc,99985,s9-supercomputer,Gambia,1989,7255,455,True
123456783,Will LLC,99990,s11-supercomputer,Vanuatu,2002,7244,478,True
123456772,Gen Power,99995,s7-supercomputer,Monaco,1977,5914,294,False
123456787,Super Sexy Dingo,99992,s8-supercomputer,Cambodia,2004,8196,574,True
123456776,ABC Dogma,99991,s4-supercomputer,Cook Islands,2015,1372,354,True
123456770,ABC Dogma,99993,s8-supercomputer,Namibia,1995,4301,266,False
123456775,Kirlosker Service Center,99997,s6-supercomputer,New Caledonia,1970,4930,205,True
123456784,Loolo INC,99991,s2-supercomputer,Estonia,1972,9695,462,False
123456787,Name IT,99995,s10-supercomputer,French Guiana,1972,2285,203,True
123456770,Kirlosker Service Center,99983,s4-supercomputer,Guyana,2002,8158,206,True
123456779,Kulas Inc,99994,s10-supercomputer,Cambodia,1989,5708,490,True
123456773,Name IT,99981,s4-supercomputer,Benin,1994,7315,460,False
123456787,Loolo INC,99994,s1-supercomputer,Cameroon,1970,4698,522,False
123456783,GitHub,99992,s6-supercomputer,Lithuania,2009,3338,229,True
123456779,Name IT,99991,s4-supercomputer,Djibouti,1993,4824,491,True
123456784,Loolo INC,99986,s10-supercomputer,Iraq,2016,6987,35,True
123456778,ABC Dogma,99995,s4-supercomputer,Slovakia (Slovak Republic),1985,7906,137,True
123456781,Pryianka Ji,99985,s5-supercomputer,Gambia,1972,1545,599,True
123456777,ABC Dogma,99986,s11-supercomputer,South Africa,2014,8405,277,False
123456787,Name IT,99990,s4-supercomputer,Uruguay,1999,456,647,True
123456788,Super Sexy Dingo,99991,s1-supercomputer,Vanuatu,1994,9196,253,True
123456781,SAS Web Tec,99996,s2-supercomputer,Bolivia,1999,9753,542,True
123456771,Loolo INC,99987,s8-supercomputer,Tunisia,1990,2033,36,False
123456777,Kulas Inc,99982,s4-supercomputer,New Caledonia,2007,579,547,False
123456789,Kirlosker Service Center,99981,s7-supercomputer,Uruguay,2009,9585,115,True
123456788,GitHub,99985,s5-supercomputer,Liechtenstein,2004,987,290,False
123456773,Super Sexy Dingo,99992,s4-supercomputer,Mali,2017,5350,683,True
123456782,My SQ Man,99995,s2-supercomputer,Greece,1990,4974,105,False
123456789,ABC Dogma,99990,s8-supercomputer,Uzbekistan,2013,4144,577,False
123456787,Gen Power,99991,s3-supercomputer,Israel,1977,6622,658,False
123456789,My SQ Man,99990,s8-supercomputer,Rwanda,1997,6070,186,False
123456777,Kirlosker Service Center,99987,s6-supercomputer,Tunisia,1989,1780,229,False
123456770,ABC Dogma,99989,s7-supercomputer,Slovakia (Slovak Republic),1995,3554,224,True
123456770,Gen Power,99982,s8-supercomputer,Tuvalu,1987,8028,409,True
123456780,Kulas Inc,99985,s2-supercomputer,Mali,2005,2487,288,True
123456772,Name IT,99999,s6-supercomputer,Ecuador,1975,5722,317,False
123456775,Name IT,99983,s6-supercomputer,Israel,1970,4798,235,True
123456773,SAS Web Tec,99991,s8-supercomputer,Colombia,2001,9131,499,True
123456770,Gen Power,99993,s6-supercomputer,Turks and Caicos Islands,1985,3019,271,True
123456780,Name IT,99995,s6-supercomputer,Grenada,1983,8945,436,False
123456783,Gen Power,99995,s3-supercomputer,Serbia,1981,4185,362,False
123456777,Kulas Inc,99989,s2-supercomputer,Spain,2018,8033,618,False
123456772,Name IT,99995,s7-supercomputer,Nicaragua,1980,1288,313,True
123456782,Will LLC,99992,s3-supercomputer,Norway,1979,1318,293,False
123456781,My SQ Man,99987,s11-supercomputer,Mayotte,1985,1600,654,False
123456789,Kulas Inc,99982,s7-supercomputer,Dominican Republic,1992,996,418,True
123456786,Kirlosker Service Center,99990,s3-supercomputer,Spain,1990,3118,653,True
123456783,Pryianka Ji,99994,s9-supercomputer,Djibouti,1992,2754,262,True
123456770,Loolo INC,99999,s10-supercomputer,Norfolk Island,2017,5274,215,False
123456776,My SQ Man,99980,s1-supercomputer,Northern Mariana Islands,2007,8681,527,True
123456780,Pryianka Ji,99986,s11-supercomputer,Lithuania,1999,1736,162,False
123456776,Gen Power,99980,s8-supercomputer,Colombia,1993,6223,406,True
123456770,ABC Dogma,99981,s9-supercomputer,United States of America,1988,8707,252,False
123456776,Gen Power,99981,s9-supercomputer,Denmark,1996,9119,510,True
123456774,ABC Dogma,99986,s3-supercomputer,Tonga,1983,4422,134,True
123456781,Name IT,99993,s3-supercomputer,Switzerland,2007,1157,642,False
123456782,Gen Power,99989,s4-supercomputer,Peru,1983,1236,395,False
123456783,ABC Dogma,99985,s7-supercomputer,Dominican Republic,2005,6371,242,True
123456786,Pryianka Ji,99986,s8-supercomputer,Syrian Arab Republic,1971,5901,13,True
123456789,Kirlosker Service Center,99989,s6-supercomputer,Mayotte,1973,4691,116,True
123456783,ABC Dogma,99994,s8-supercomputer,Togo,1987,733,92,True
123456772,Will LLC,99985,s7-supercomputer,Micronesia,1979,3085,340,True
123456788,My SQ Man,99992,s8-supercomputer,Oman,1975,7022,596,False
123456777,Name IT,99981,s7-supercomputer,Saint Barthelemy,1982,5407,71,True
123456772,Super Sexy Dingo,99993,s7-supercomputer,Greenland,1994,1131,233,True
123456776,Gen Power,99985,s8-supercomputer,Jersey,1978,4099,307,True
123456783,GitHub,99982,s1-supercomputer,Ghana,1998,6316,375,True
123456788,My SQ Man,99989,s1-supercomputer,Benin,1999,3788,370,False
123456774,Loolo INC,99997,s4-supercomputer,Costa Rica,1982,9666,369,False
123456778,ABC Dogma,99985,s9-supercomputer,Costa Rica,2014,7175,509,True
123456770,Kulas Inc,99985,s4-supercomputer,Gabon,1972,7242,156,False
123456783,Kulas Inc,99990,s9-supercomputer,Bahrain,2011,3758,182,False
123456785,Gen Power,99998,s9-supercomputer,Belgium,2002,2830,545,False
123456784,Kirlosker Service Center,99992,s11-supercomputer,Jersey,1972,6128,118,False
123456784,Name IT,99999,s2-supercomputer,Svalbard & Jan Mayen Islands,2004,4592,625,True
123456783,Name IT,99996,s2-supercomputer,El Salvador,2004,5656,96,True
123456783,ABC Dogma,99994,s5-supercomputer,Western Sahara,1980,1619,56,False
123456782,Will LLC,99997,s3-supercomputer,Grenada,2019,2079,247,True
123456786,My SQ Man,99992,s11-supercomputer,United Arab Emirates,2017,1277,173,True
123456785,Name IT,99993,s2-supercomputer,Guatemala,1982,1219,277,False
123456783,Gen Power,99981,s4-supercomputer,Libyan Arab Jamahiriya,1988,3195,346,True
123456781,Name IT,99986,s8-supercomputer,Barbados,2001,9785,493,False
123456784,Pryianka Ji,99989,s8-supercomputer,Croatia,1984,5486,697,True
123456781,ABC Dogma,99985,s2-supercomputer,South Africa,2010,1915,111,False
123456788,GitHub,99980,s7-supercomputer,Congo,1972,8893,45,True
123456770,GitHub,99990,s7-supercomputer,Timor-Leste,2012,7521,306,True
123456780,Kirlosker Service Center,99992,s9-supercomputer,Turks and Caicos Islands,1973,5921,214,False
123456785,Kulas Inc,99983,s6-supercomputer,Brazil,1979,8494,262,True
123456785,Kulas Inc,99982,s2-supercomputer,Lesotho,1990,6894,651,False
123456787,Kulas Inc,99986,s7-supercomputer,United States Minor Outlying Islands,1993,7108,126,True
123456776,ABC Dogma,99994,s8-supercomputer,Anguilla,1984,741,485,False
123456779,GitHub,99982,s4-supercomputer,Lesotho,1984,1487,99,False
123456774,My SQ Man,99980,s6-supercomputer,Greece,2004,6169,39,True
123456777,Super Sexy Dingo,99987,s10-supercomputer,Cape Verde,1970,8241,339,True
123456771,Kulas Inc,99998,s9-supercomputer,Bahrain,1997,621,685,False
123456778,Will LLC,99993,s10-supercomputer,Svalbard & Jan Mayen Islands,1997,8178,646,True
123456779,GitHub,99996,s6-supercomputer,Afghanistan,1976,7620,30,False
123456786,Will LLC,99992,s1-supercomputer,Brazil,1972,3580,222,True
123456787,Pryianka Ji,99985,s8-supercomputer,Iraq,1987,6810,272,True
123456770,Name IT,99998,s3-supercomputer,Sudan,2018,4341,384,False
123456785,Super Sexy Dingo,99995,s1-supercomputer,Lithuania,2019,7414,475,True
123456777,Name IT,99990,s7-supercomputer,Greece,1999,454,542,True
123456774,Kulas Inc,99996,s4-supercomputer,Czech Republic,1995,2491,161,True
123456789,Will LLC,99993,s1-supercomputer,Norway,1999,4726,398,False
123456775,Loolo INC,99980,s5-supercomputer,Cook Islands,2008,6351,532,False
123456784,ABC Dogma,99981,s11-supercomputer,Tunisia,1992,4997,422,True
123456783,Super Sexy Dingo,99981,s3-supercomputer,Heard Island and McDonald Islands,1995,5612,239,False
123456773,Super Sexy Dingo,99992,s5-supercomputer,Samoa,1981,5602,146,True
123456788,ABC Dogma,99982,s4-supercomputer,Macedonia,2009,1163,644,False
123456775,Kulas Inc,99990,s6-supercomputer,Cameroon,1972,3121,435,True
123456787,Super Sexy Dingo,99999,s9-supercomputer,Madagascar,2016,3061,229,True
123456775,My SQ Man,99997,s10-supercomputer,Zimbabwe,1971,5249,272,False
123456783,My SQ Man,99990,s9-supercomputer,Samoa,2017,5298,379,True
123456775,My SQ Man,99992,s7-supercomputer,Haiti,1970,9797,614,True
123456783,Name IT,99981,s7-supercomputer,Netherlands Antilles,1971,4037,528,False
123456787,Name IT,99981,s2-supercomputer,Palestinian Territory,2016,1908,73,True
123456775,Loolo INC,99996,s5-supercomputer,Djibouti,2005,4944,131,False
123456772,Name IT,99998,s8-supercomputer,South Georgia and the South Sandwich Islands,2019,3359,232,False
123456779,Gen Power,99994,s5-supercomputer,Georgia,1988,7074,403,True
123456789,Pryianka Ji,99991,s4-supercomputer,Kiribati,1986,3371,92,False
123456782,Pryianka Ji,99989,s3-supercomputer,Lebanon,1979,9244,97,True
123456778,Loolo INC,99990,s2-supercomputer,Niue,2005,432,50,True
123456778,Kulas Inc,99998,s11-supercomputer,Belgium,2015,3494,663,True
123456787,Will LLC,99999,s5-supercomputer,South Africa,2007,6563,652,False
123456787,Will LLC,99995,s9-supercomputer,Pitcairn Islands,1991,187,458,False
123456775,Kulas Inc,99992,s6-supercomputer,Croatia,2010,8783,43,False
123456776,GitHub,99994,s1-supercomputer,Sao Tome and Principe,2018,5354,573,False
123456782,ABC Dogma,99985,s1-supercomputer,Moldova,2000,9758,624,False
123456783,My SQ Man,99997,s10-supercomputer,Niue,1985,802,620,True
123456784,Gen Power,99985,s7-supercomputer,Palau,1977,1888,667,False
123456781,SAS Web Tec,99980,s4-supercomputer,Zimbabwe,2010,4419,363,True
123456779,GitHub,99995,s10-supercomputer,Sudan,1986,4638,82,False
123456780,My SQ Man,99993,s3-supercomputer,Italy,1979,8154,616,True
123456781,Pryianka Ji,99999,s8-supercomputer,Maldives,1981,7478,168,False
123456789,Loolo INC,99981,s1-supercomputer,Egypt,1982,9113,43,True
123456779,Pryianka Ji,99991,s10-supercomputer,Philippines,1987,803,578,True
123456788,Super Sexy Dingo,99999,s11-supercomputer,Estonia,1995,8116,25,True
123456782,Kirlosker Service Center,99991,s6-supercomputer,United Kingdom,2004,6993,338,False
123456771,My SQ Man,99996,s3-supercomputer,Uruguay,1998,3113,225,False
123456786,Loolo INC,99986,s3-supercomputer,El Salvador,1982,9806,335,True
123456780,GitHub,99998,s10-supercomputer,Jamaica,1970,9557,591,False
123456774,ABC Dogma,99991,s8-supercomputer,Nicaragua,2001,7026,544,False
123456781,Name IT,99992,s11-supercomputer,Bosnia and Herzegovina,1987,862,507,True
123456778,Gen Power,99990,s9-supercomputer,Georgia,1998,281,630,False
123456781,Will LLC,99987,s6-supercomputer,Kenya,1972,4702,468,True
123456773,Will LLC,99982,s11-supercomputer,Aruba,1973,4787,309,True
123456778,ABC Dogma,99997,s5-supercomputer,Equatorial Guinea,1990,829,371,False
123456771,Kirlosker Service Center,99994,s9-supercomputer,Serbia,1973,6110,127,True
123456775,Kulas Inc,99992,s7-supercomputer,Western Sahara,1996,6272,329,False
123456776,Gen Power,99987,s5-supercomputer,Canada,1975,3516,318,False
123456775,Gen Power,99993,s9-supercomputer,Niue,2000,8693,440,True
123456771,ABC Dogma,99987,s1-supercomputer,Ethiopia,2000,3203,449,False
123456771,Gen Power,99997,s6-supercomputer,Gabon,1995,6247,23,False
123456781,Super Sexy Dingo,99981,s9-supercomputer,Cook Islands,1971,7031,649,True
123456772,SAS Web Tec,99987,s1-supercomputer,British Indian Ocean Territory (Chagos Archipelago),1971,8363,254,True
123456787,Super Sexy Dingo,99991,s3-supercomputer,Hong Kong,1995,659,384,False
123456785,SAS Web Tec,99983,s10-supercomputer,Lesotho,2002,788,674,True
123456775,Pryianka Ji,99985,s4-supercomputer,Saint Pierre and Miquelon,1999,2038,175,True
123456773,Pryianka Ji,99982,s10-supercomputer,Barbados,1987,8503,331,True
123456780,Gen Power,99996,s11-supercomputer,Kuwait,1984,1969,21,False
123456770,SAS Web Tec,99998,s4-supercomputer,Moldova,1970,8731,607,False
123456782,SAS Web Tec,99997,s10-supercomputer,Hungary,1991,465,413,True
123456786,Pryianka Ji,99980,s10-supercomputer,Rwanda,1985,5976,511,False
123456779,Pryianka Ji,99983,s5-supercomputer,Hong Kong,1981,66,523,False
123456781,Kulas Inc,99995,s8-supercomputer,Iraq,1975,3494,226,True
123456782,GitHub,99994,s3-supercomputer,Guinea-Bissau,2018,1430,698,True
123456789,Loolo INC,99992,s2-supercomputer,Norfolk Island,1991,2110,372,False
123456780,Super Sexy Dingo,99998,s5-supercomputer,Chile,1975,2967,635,True
123456777,Name IT,99997,s7-supercomputer,Martinique,1997,4811,70,False
123456772,Gen Power,99987,s11-supercomputer,Saint Vincent and the Grenadines,1973,6174,619,False
123456780,GitHub,99987,s11-supercomputer,Indonesia,2008,6568,12,True
123456788,Pryianka Ji,99996,s10-supercomputer,Colombia,1990,1365,388,True
123456778,Kulas Inc,99980,s1-supercomputer,Costa Rica,1998,770,335,False
123456787,Kulas Inc,99987,s8-supercomputer,Faroe Islands,2016,4148,355,False
123456784,ABC Dogma,99982,s6-supercomputer,Saint Vincent and the Grenadines,1974,3053,432,False
123456773,ABC Dogma,99993,s4-supercomputer,Falkland Islands (Malvinas),2002,818,62,False
123456778,Loolo INC,99986,s11-supercomputer,French Southern Territories,2004,4107,549,False
123456773,Kirlosker Service Center,99985,s5-supercomputer,Tunisia,2019,7076,255,True
123456774,My SQ Man,99989,s4-supercomputer,Botswana,1997,8388,604,True
123456780,ABC Dogma,99986,s2-supercomputer,Guinea-Bissau,2002,1753,544,False
123456772,Super Sexy Dingo,99985,s7-supercomputer,Reunion,2001,7464,606,False
123456779,Super Sexy Dingo,99992,s5-supercomputer,Kyrgyz Republic,2008,3526,218,False
123456774,SAS Web Tec,99994,s1-supercomputer,Tanzania,2018,5391,583,True
123456785,Kirlosker Service Center,99997,s9-supercomputer,Austria,2017,8923,132,False
123456771,Kirlosker Service Center,99986,s4-supercomputer,Falkland Islands (Malvinas),1982,7651,200,True
123456775,Will LLC,99995,s4-supercomputer,Norway,1980,3265,265,True
123456781,Super Sexy Dingo,99982,s1-supercomputer,Aruba,2011,1049,297,False
123456780,Kulas Inc,99994,s11-supercomputer,Bangladesh,1970,8333,681,True
123456789,Gen Power,99980,s3-supercomputer,Hungary,1971,779,355,True
123456782,Name IT,99998,s9-supercomputer,Denmark,1988,2995,26,True
123456786,ABC Dogma,99985,s4-supercomputer,Yemen,1974,3405,694,False
123456785,Will LLC,99993,s2-supercomputer,Colombia,1972,661,79,True
123456786,Gen Power,99985,s7-supercomputer,Uzbekistan,2014,1012,227,True
123456783,Gen Power,99999,s11-supercomputer,Nigeria,1990,9743,268,True
123456778,Loolo INC,99985,s6-supercomputer,El Salvador,2010,9981,409,True
123456789,Name IT,99987,s1-supercomputer,Rwanda,2009,1845,25,False
123456777,Loolo INC,99985,s5-supercomputer,Poland,1998,6963,564,False
123456779,Kirlosker Service Center,99987,s4-supercomputer,Aruba,1989,1826,490,True
123456771,Will LLC,99997,s2-supercomputer,Albania,2000,9225,63,False
123456788,My SQ Man,99998,s8-supercomputer,Papua New Guinea,1977,2137,381,True
123456778,Loolo INC,99989,s6-supercomputer,Chile,1993,9009,96,True
123456775,Name IT,99981,s11-supercomputer,United States Minor Outlying Islands,2004,2388,694,False
123456783,My SQ Man,99980,s4-supercomputer,Syrian Arab Republic,2014,9672,220,False
123456783,Gen Power,99985,s5-supercomputer,Guinea-Bissau,2006,7208,114,True
123456789,GitHub,99990,s3-supercomputer,Korea,1991,7384,516,True
123456774,Kirlosker Service Center,99999,s5-supercomputer,Namibia,1979,6991,396,True
123456788,Pryianka Ji,99993,s10-supercomputer,Greenland,2018,1300,574,True
123456778,SAS Web Tec,99992,s5-supercomputer,Samoa,1984,2994,584,False
123456781,Loolo INC,99998,s1-supercomputer,Sudan,1979,487,402,True
123456788,ABC Dogma,99999,s2-supercomputer,Heard Island and McDonald Islands,2014,2098,266,False
123456775,My SQ Man,99994,s5-supercomputer,Kenya,1988,8435,73,False
123456784,Gen Power,99985,s7-supercomputer,Austria,2006,1322,642,False
123456784,My SQ Man,99981,s11-supercomputer,Timor-Leste,1990,2396,309,False
123456772,ABC Dogma,99999,s7-supercomputer,Syrian Arab Republic,2014,2509,151,False
123456772,GitHub,99985,s4-supercomputer,Jordan,2013,3848,353,True
123456770,Loolo INC,99980,s5-supercomputer,Malta,2012,2616,302,True
123456779,Will LLC,99994,s1-supercomputer,Trinidad and Tobago,1989,2283,161,True
123456783,ABC Dogma,99998,s3-supercomputer,Mali,2008,7683,536,True
123456777,Kirlosker Service Center,99985,s9-supercomputer,Bouvet Island (Bouvetoya),1999,5700,65,True
123456784,Will LLC,99981,s9-supercomputer,Samoa,1980,4851,203,False
123456782,Kulas Inc,99993,s9-supercomputer,British Indian Ocean Territory (Chagos Archipelago),1991,9042,465,True
123456788,Kulas Inc,99983,s2-supercomputer,Micronesia,1998,9776,71,True
123456782,GitHub,99997,s8-supercomputer,Qatar,1992,929,582,True
123456771,Pryianka Ji,99983,s8-supercomputer,Central African Republic,1989,8106,186,True
123456774,Kulas Inc,99991,s1-supercomputer,Mauritius,1972,7633,645,True
123456778,Kirlosker Service Center,99992,s10-supercomputer,Saudi Arabia,2002,5456,695,False
123456772,Gen Power,99980,s10-supercomputer,Russian Federation,2008,8387,580,True
123456784,Kirlosker Service Center,99994,s10-supercomputer,Philippines,2012,6163,342,True
123456782,Pryianka Ji,99998,s11-supercomputer,Guyana,2010,4555,100,False
123456785,ABC Dogma,99996,s8-supercomputer,Sri Lanka,2009,1503,450,False
123456779,Super Sexy Dingo,99996,s6-supercomputer,Bulgaria,2017,8476,24,False
123456773,Pryianka Ji,99998,s11-supercomputer,Timor-Leste,1988,2955,286,False
123456774,Kulas Inc,99986,s8-supercomputer,Cyprus,1981,5638,87,False
123456787,Loolo INC,99996,s2-supercomputer,Liberia,2017,9884,240,True
123456788,GitHub,99999,s6-supercomputer,Liberia,1986,9150,18,True
123456776,Will LLC,99985,s2-supercomputer,Tunisia,1975,9387,360,True
123456772,Super Sexy Dingo,99990,s7-supercomputer,Cuba,1971,3098,77,True
123456773,Gen Power,99992,s5-supercomputer,Solomon Islands,2013,9238,29,True
123456783,SAS Web Tec,99980,s4-supercomputer,French Polynesia,2006,4714,447,False
123456784,Will LLC,99982,s3-supercomputer,Chad,2019,1570,396,True
123456772,Kulas Inc,99998,s10-supercomputer,Azerbaijan,1995,5168,616,False
123456781,GitHub,99982,s11-supercomputer,Guatemala,1978,6762,545,True
123456783,Loolo INC,99983,s9-supercomputer,Togo,1998,5315,444,False
123456779,Loolo INC,99999,s1-supercomputer,Spain,1973,8201,632,True
123456776,My SQ Man,99995,s1-supercomputer,Turks and Caicos Islands,1993,1106,175,False
123456776,Pryianka Ji,99994,s6-supercomputer,Libyan Arab Jamahiriya,1991,4546,657,True
123456781,Super Sexy Dingo,99990,s7-supercomputer,Sweden,1998,9856,381,False
123456787,Super Sexy Dingo,99985,s11-supercomputer,Yemen,2018,8578,364,True
123456770,ABC Dogma,99989,s9-supercomputer,Central African Republic,1971,103,639,True
123456788,Will LLC,99986,s11-supercomputer,Singapore,1971,3392,386,False
123456774,Super Sexy Dingo,99985,s8-supercomputer,Liechtenstein,2019,5462,97,False
123456781,SAS Web Tec,99990,s8-supercomputer,Colombia,2019,8070,675,False
123456777,Super Sexy Dingo,99990,s1-supercomputer,United Kingdom,1985,9084,304,True
123456770,Name IT,99992,s6-supercomputer,Kazakhstan,1991,4207,302,False
123456781,Gen Power,99990,s2-supercomputer,Myanmar,2013,84,330,True
123456782,My SQ Man,99996,s11-supercomputer,Poland,2001,9251,603,True
123456788,Super Sexy Dingo,99981,s3-supercomputer,Slovakia (Slovak Republic),2019,8409,240,True
123456771,Will LLC,99981,s2-supercomputer,Holy See (Vatican City State),1980,5519,41,True
123456787,Name IT,99983,s5-supercomputer,Tuvalu,1974,8501,60,True
123456789,Pryianka Ji,99982,s9-supercomputer,Norway,2010,7915,128,False
123456772,Loolo INC,99985,s11-supercomputer,Heard Island and McDonald Islands,1997,4334,21,False
123456771,Gen Power,99980,s10-supercomputer,Tokelau,2002,9754,280,False
123456774,Kulas Inc,99990,s10-supercomputer,United Kingdom,1982,7058,619,False
123456770,Pryianka Ji,99996,s7-supercomputer,Pitcairn Islands,1983,7759,683,True
123456785,Name IT,99985,s10-supercomputer,Jordan,1974,6199,339,True
123456770,Super Sexy Dingo,99990,s9-supercomputer,El Salvador,1991,6188,548,False
123456770,My SQ Man,99995,s2-supercomputer,Korea,1984,2787,396,True
123456778,Pryianka Ji,99986,s2-supercomputer,Swaziland,1990,2718,111,False
123456786,Kulas Inc,99999,s10-supercomputer,New Zealand,1995,9651,202,True
123456777,Loolo INC,99990,s7-supercomputer,Macedonia,1981,1746,550,False
123456787,Kulas Inc,99983,s6-supercomputer,Togo,1983,260,517,False
123456784,My SQ Man,99985,s11-supercomputer,Saint Kitts and Nevis,2015,2118,536,False
123456784,Kirlosker Service Center,99996,s9-supercomputer,Aruba,1973,5344,45,False
123456776,Loolo INC,99999,s5-supercomputer,Niger,1987,2590,301,False
123456772,Kulas Inc,99980,s9-supercomputer,Vanuatu,2003,9561,686,False
123456777,ABC Dogma,99991,s4-supercomputer,Belize,1983,3069,116,True
123456770,Gen Power,99985,s7-supercomputer,Saudi Arabia,1975,3526,551,False
123456773,Pryianka Ji,99987,s1-supercomputer,Central African Republic,2014,7620,521,False
123456777,Kirlosker Service Center,99985,s9-supercomputer,Trinidad and Tobago,1988,7517,507,True
123456789,Will LLC,99994,s10-supercomputer,Aruba,2015,4468,39,True
123456773,Kirlosker Service Center,99982,s9-supercomputer,Tajikistan,2016,6789,692,True
123456779,GitHub,99996,s5-supercomputer,Barbados,2002,6269,535,False
123456781,My SQ Man,99998,s4-supercomputer,Comoros,1984,9764,204,True
123456773,Super Sexy Dingo,99981,s8-supercomputer,Palestinian Territory,1971,4159,607,True
123456784,SAS Web Tec,99985,s7-supercomputer,Mozambique,1990,2736,219,False
123456781,Loolo INC,99985,s3-supercomputer,Slovenia,2013,9231,394,True
123456773,GitHub,99997,s1-supercomputer,Costa Rica,2017,2463,66,False
123456785,Pryianka Ji,99998,s2-supercomputer,Saint Lucia,1989,966,440,False
123456771,Loolo INC,99994,s8-supercomputer,Bahrain,2014,5133,317,False
123456778,Pryianka Ji,99986,s2-supercomputer,Cambodia,1978,5564,498,True
123456776,Loolo INC,99989,s4-supercomputer,Canada,1989,8503,389,True
123456776,Super Sexy Dingo,99991,s5-supercomputer,Cyprus,1994,1368,206,True
123456779,Kirlosker Service Center,99989,s1-supercomputer,Botswana,2011,7119,557,False
123456787,Pryianka Ji,99996,s9-supercomputer,El Salvador,2000,7419,333,False
123456780,Kulas Inc,99999,s9-supercomputer,Nepal,1974,388,388,True
123456788,Super Sexy Dingo,99989,s1-supercomputer,Saint Martin,1995,5493,175,True
123456787,Will LLC,99992,s3-supercomputer,Congo,1996,4050,549,False
123456775,GitHub,99989,s1-supercomputer,Heard Island and McDonald Islands,1978,7270,664,False
123456782,Gen Power,99981,s7-supercomputer,Cuba,1970,8468,365,True
123456786,Will LLC,99999,s6-supercomputer,Syrian Arab Republic,2011,4826,437,True
123456776,Super Sexy Dingo,99989,s11-supercomputer,Gabon,1993,4757,618,True
123456773,Will LLC,99993,s7-supercomputer,Australia,2013,5281,402,False
123456772,Loolo INC,99982,s1-supercomputer,Ukraine,1970,2644,163,True
123456774,Super Sexy Dingo,99986,s10-supercomputer,Sweden,1994,6121,529,False
123456784,Gen Power,99994,s7-supercomputer,Bermuda,1979,3474,319,True
123456781,Will LLC,99985,s11-supercomputer,Lebanon,1980,5272,403,True
123456774,My SQ Man,99998,s2-supercomputer,Liechtenstein,1995,4500,60,True
123456777,Kirlosker Service Center,99992,s7-supercomputer,Denmark,2006,1514,226,False
123456775,Will LLC,99980,s2-supercomputer,Finland,2013,2108,315,True
123456770,Name IT,99985,s4-supercomputer,Mongolia,2006,6921,79,True
123456776,Name IT,99981,s9-supercomputer,Belarus,1982,1007,259,True
123456787,Super Sexy Dingo,99983,s7-supercomputer,Montenegro,2012,1033,575,False
123456785,Kirlosker Service Center,99994,s2-supercomputer,Maldives,1980,2561,558,True
123456786,Super Sexy Dingo,99986,s4-supercomputer,Portugal,2017,6477,206,True
123456770,ABC Dogma,99985,s4-supercomputer,Palestinian Territory,1976,3050,343,True
123456787,My SQ Man,99991,s10-supercomputer,Niue,2001,2138,358,False
123456770,Gen Power,99995,s4-supercomputer,Turks and Caicos Islands,1978,3489,603,True
123456779,Name IT,99990,s4-supercomputer,Argentina,2014,9770,254,False
123456788,ABC Dogma,99999,s7-supercomputer,Uzbekistan,2014,6327,187,True
123456787,My SQ Man,99987,s7-supercomputer,Latvia,1979,9650,168,True
123456788,My SQ Man,99991,s4-supercomputer,Switzerland,2019,6109,45,True
123456781,GitHub,99987,s3-supercomputer,Falkland Islands (Malvinas),1982,5922,594,False
123456782,GitHub,99983,s7-supercomputer,Korea,1993,9294,293,False
123456774,Super Sexy Dingo,99981,s1-supercomputer,Lithuania,1973,367,133,False
123456775,Gen Power,99991,s7-supercomputer,Malaysia,1978,9722,146,False
123456774,Will LLC,99982,s5-supercomputer,Tuvalu,1985,5469,511,True
123456786,GitHub,99981,s9-supercomputer,Armenia,1997,517,516,True
123456779,Loolo INC,99995,s1-supercomputer,Guadeloupe,1994,499,562,True
123456777,Loolo INC,99995,s8-supercomputer,Reunion,1977,5443,13,True
123456783,GitHub,99990,s9-supercomputer,Mali,1996,6693,85,True
123456777,Loolo INC,99997,s8-supercomputer,Egypt,1986,7453,43,False
123456783,ABC Dogma,99991,s1-supercomputer,New Zealand,1986,3242,57,False
123456780,SAS Web Tec,99986,s11-supercomputer,British Indian Ocean Territory (Chagos Archipelago),2004,921,373,True
123456783,Gen Power,99986,s10-supercomputer,Montenegro,1981,1396,552,False
123456781,Kulas Inc,99983,s5-supercomputer,Dominica,1983,9904,228,False
123456770,My SQ Man,99992,s2-supercomputer,Pitcairn Islands,2004,2774,330,True
123456776,Kulas Inc,99996,s5-supercomputer,Switzerland,1981,15,373,False
123456786,Will LLC,99990,s5-supercomputer,Netherlands Antilles,2009,9817,153,True
123456786,Pryianka Ji,99993,s5-supercomputer,Palau,2015,2102,485,False
123456779,Kirlosker Service Center,99987,s7-supercomputer,Yemen,1988,771,463,True
123456785,SAS Web Tec,99995,s3-supercomputer,Philippines,1995,5092,376,False
123456783,Kirlosker Service Center,99980,s9-supercomputer,Brazil,2009,2976,391,True
123456772,SAS Web Tec,99994,s11-supercomputer,Ukraine,1984,1232,531,True
123456784,Kulas Inc,99998,s1-supercomputer,Zimbabwe,1975,9436,544,False
123456783,Gen Power,99996,s1-supercomputer,Israel,1986,9551,296,True
123456780,Kirlosker Service Center,99995,s3-supercomputer,British Indian Ocean Territory (Chagos Archipelago),1992,6441,271,True
123456777,Loolo INC,99992,s4-supercomputer,Nicaragua,1996,9026,253,False
123456787,Kulas Inc,99983,s11-supercomputer,Bahrain,2018,173,135,False
123456781,Pryianka Ji,99982,s10-supercomputer,Bangladesh,1971,4878,643,False
123456772,Will LLC,99982,s2-supercomputer,Christmas Island,1995,1656,31,True
123456788,SAS Web Tec,99997,s1-supercomputer,Western Sahara,2015,1694,459,False
123456770,Pryianka Ji,99996,s11-supercomputer,Cambodia,2004,25,447,False
123456783,Gen Power,99990,s3-supercomputer,Ecuador,1970,6927,363,True
123456787,My SQ Man,99999,s3-supercomputer,Poland,1990,949,160,False
123456770,ABC Dogma,99996,s3-supercomputer,Gibraltar,1996,6514,353,True
123456785,Kulas Inc,99993,s7-supercomputer,Cote d'Ivoire,1988,2491,528,False
123456771,Super Sexy Dingo,99999,s9-supercomputer,El Salvador,2012,3006,303,False
123456771,Will LLC,99983,s6-supercomputer,Japan,2015,8981,314,False
123456775,Gen Power,99998,s9-supercomputer,Senegal,1999,1597,266,False
123456785,Loolo INC,99990,s5-supercomputer,Niger,2000,8444,424,True
123456779,Kulas Inc,99998,s7-supercomputer,Cyprus,1976,7456,54,False
123456788,Name IT,99985,s1-supercomputer,Guatemala,1979,7738,675,True
123456771,Will LLC,99999,s11-supercomputer,Cocos (Keeling) Islands,2001,1238,30,True
123456788,GitHub,99986,s3-supercomputer,Bhutan,1980,326,416,False
123456779,Pryianka Ji,99994,s9-supercomputer,Egypt,2001,4451,195,True
123456770,Will LLC,99986,s8-supercomputer,Azerbaijan,2017,2175,623,False
123456779,SAS Web Tec,99985,s6-supercomputer,Palau,1978,8830,599,True
123456775,Name IT,99990,s8-supercomputer,Ethiopia,1998,2855,676,True
123456783,GitHub,99987,s5-supercomputer,Timor-Leste,1980,6105,41,False
123456782,Will LLC,99993,s3-supercomputer,Burkina Faso,1981,9932,42,True
123456784,ABC Dogma,99987,s4-supercomputer,Ethiopia,1982,6009,54,True
123456780,Loolo INC,99996,s5-supercomputer,Bahamas,2001,7767,69,False
123456778,Gen Power,99985,s5-supercomputer,Macedonia,1979,7338,374,True
123456772,Kulas Inc,99980,s8-supercomputer,Netherlands,1990,7260,569,False
123456777,Gen Power,99991,s7-supercomputer,Guernsey,2010,7490,575,False
123456777,Loolo INC,99981,s2-supercomputer,Ethiopia,2015,4749,674,True
123456772,My SQ Man,99980,s10-supercomputer,Pakistan,2003,4674,35,True
123456773,My SQ Man,99998,s1-supercomputer,Qatar,2008,7498,555,True
123456771,Kulas Inc,99981,s9-supercomputer,Andorra,2017,1228,383,False
123456776,Kulas Inc,99995,s3-supercomputer,Nepal,2008,8808,308,True
123456771,Pryianka Ji,99990,s6-supercomputer,Chile,2003,4130,30,False
123456770,GitHub,99986,s11-supercomputer,Guam,2008,4170,605,False
123456789,Gen Power,99980,s1-supercomputer,Mozambique,1995,8658,642,True
123456780,Pryianka Ji,99996,s10-supercomputer,Swaziland,2010,1773,642,True
123456775,Will LLC,99994,s5-supercomputer,Serbia,2002,9919,509,True
123456777,Pryianka Ji,99998,s9-supercomputer,Lesotho,1970,7245,311,False
123456787,Kirlosker Service Center,99983,s9-supercomputer,Colombia,1976,3485,252,True
123456780,Loolo INC,99995,s9-supercomputer,Antigua and Barbuda,1988,6025,542,False
123456772,GitHub,99997,s8-supercomputer,Angola,1983,388,651,True
123456778,Super Sexy Dingo,99981,s1-supercomputer,Spain,1987,6317,196,True
123456784,Kirlosker Service Center,99987,s4-supercomputer,Indonesia,1975,2598,643,False
123456771,GitHub,99995,s9-supercomputer,Liechtenstein,1980,7272,253,False
123456785,Super Sexy Dingo,99989,s3-supercomputer,Pakistan,1975,18,98,False
123456774,Pryianka Ji,99998,s7-supercomputer,Mayotte,1979,4283,422,True
123456775,GitHub,99997,s2-supercomputer,Hungary,1980,7167,535,True
123456789,Pryianka Ji,99986,s5-supercomputer,Oman,1982,4475,650,True
123456789,Gen Power,99986,s8-supercomputer,Niger,1988,8994,676,False
123456782,Name IT,99983,s3-supercomputer,Mayotte,2014,9296,30,True
123456770,GitHub,99991,s4-supercomputer,Kiribati,1971,4636,282,False
123456789,My SQ Man,99996,s1-supercomputer,Cyprus,1977,289,170,True
123456776,Pryianka Ji,99982,s11-supercomputer,Puerto Rico,2010,2033,167,True
123456782,Name IT,99983,s9-supercomputer,Norway,1978,6821,133,False
123456774,GitHub,99985,s6-supercomputer,Angola,1991,9562,511,True
123456781,Pryianka Ji,99995,s7-supercomputer,Madagascar,1983,4338,644,False
123456781,Name IT,99991,s3-supercomputer,Solomon Islands,1974,7436,361,False
123456775,Gen Power,99996,s6-supercomputer,French Polynesia,1993,3004,295,False
123456772,Kulas Inc,99991,s7-supercomputer,Fiji,2016,7157,273,True
123456781,ABC Dogma,99995,s11-supercomputer,Uruguay,1974,4813,170,True
123456770,Name IT,99980,s5-supercomputer,Uzbekistan,2016,1959,429,False
123456778,Gen Power,99995,s7-supercomputer,Solomon Islands,2010,4237,135,False
123456777,Name IT,99983,s7-supercomputer,Saint Lucia,1995,1922,577,False
123456774,GitHub,99980,s8-supercomputer,San Marino,1993,4135,662,False
123456781,Loolo INC,99992,s11-supercomputer,Micronesia,2008,2951,686,False
123456783,Loolo INC,99982,s1-supercomputer,Lao People's Democratic Republic,1988,9917,237,False
123456780,Super Sexy Dingo,99986,s5-supercomputer,Hong Kong,1985,9825,426,False
123456770,SAS Web Tec,99997,s3-supercomputer,Burkina Faso,1976,3073,458,False
123456786,Kulas Inc,99989,s3-supercomputer,Slovenia,1973,600,56,False
123456782,Super Sexy Dingo,99985,s5-supercomputer,Gambia,1991,465,606,False
123456772,Kirlosker Service Center,99983,s7-supercomputer,Argentina,1978,815,567,False
123456779,Kirlosker Service Center,99983,s10-supercomputer,Uruguay,1977,4818,276,True
123456776,Pryianka Ji,99985,s1-supercomputer,Azerbaijan,2005,5468,595,True
123456774,Super Sexy Dingo,99987,s10-supercomputer,Mexico,1985,8210,196,True
123456789,Pryianka Ji,99997,s11-supercomputer,Marshall Islands,1998,9788,143,True
123456772,Pryianka Ji,99985,s10-supercomputer,Rwanda,2012,1942,609,True
123456776,Super Sexy Dingo,99992,s10-supercomputer,Swaziland,2008,1038,517,True
123456776,Pryianka Ji,99996,s9-supercomputer,Barbados,1972,6017,636,False
123456780,Loolo INC,99982,s10-supercomputer,French Southern Territories,2002,1503,120,False
123456783,Name IT,99985,s8-supercomputer,Vietnam,1989,5715,59,False
123456770,Name IT,99998,s9-supercomputer,Guam,2012,9952,488,True
123456786,Kulas Inc,99980,s4-supercomputer,Spain,1984,5892,345,False
123456774,Loolo INC,99993,s7-supercomputer,Montenegro,1997,8987,183,False
123456783,Kulas Inc,99981,s10-supercomputer,Taiwan,2007,7148,31,False
123456785,Loolo INC,99998,s7-supercomputer,Kiribati,1975,9927,439,True
123456788,Pryianka Ji,99986,s6-supercomputer,Jamaica,2004,4923,610,True
123456775,SAS Web Tec,99982,s10-supercomputer,Guinea-Bissau,1981,7517,227,False
123456784,My SQ Man,99994,s4-supercomputer,Croatia,2006,5815,351,False
123456771,My SQ Man,99981,s6-supercomputer,Antigua and Barbuda,2010,1793,365,False
123456773,Name IT,99995,s8-supercomputer,Mayotte,2009,8320,624,True
123456785,My SQ Man,99998,s7-supercomputer,Bermuda,1994,6708,65,True
123456784,ABC Dogma,99986,s4-supercomputer,Mauritania,1997,545,77,True
123456784,Kulas Inc,99983,s10-supercomputer,Cayman Islands,1998,1816,139,False
123456771,Kirlosker Service Center,99982,s5-supercomputer,Sudan,2012,7308,394,False
123456777,Kirlosker Service Center,99990,s5-supercomputer,Eritrea,2014,2290,424,False
123456770,SAS Web Tec,99992,s10-supercomputer,Pitcairn Islands,2002,7762,284,False
123456785,Gen Power,99994,s1-supercomputer,Swaziland,1985,1280,61,True
123456773,SAS Web Tec,99981,s2-supercomputer,Taiwan,1990,9140,430,True
123456774,My SQ Man,99992,s5-supercomputer,Maldives,2008,4881,662,False
123456778,Super Sexy Dingo,99983,s1-supercomputer,Palau,1973,3734,565,True
123456773,SAS Web Tec,99998,s4-supercomputer,Switzerland,1988,6270,450,True
123456777,My SQ Man,99987,s6-supercomputer,San Marino,2008,7205,410,False
123456781,Kulas Inc,99986,s10-supercomputer,Saudi Arabia,1990,1834,634,True
123456779,Super Sexy Dingo,99997,s4-supercomputer,Saudi Arabia,1995,7234,367,False
123456786,Loolo INC,99992,s1-supercomputer,Belarus,2003,4516,274,True
123456784,Will LLC,99994,s5-supercomputer,Falkland Islands (Malvinas),2003,1753,53,True
123456785,ABC Dogma,99997,s11-supercomputer,Cocos (Keeling) Islands,1996,2568,659,True
123456780,Will LLC,99985,s5-supercomputer,Equatorial Guinea,1978,6533,378,True
123456786,Gen Power,99994,s9-supercomputer,Honduras,1973,1622,95,False
123456780,Gen Power,99985,s1-supercomputer,Lao People's Democratic Republic,1970,8808,273,True
123456770,Pryianka Ji,99985,s10-supercomputer,French Guiana,1986,4115,218,False
123456783,Gen Power,99999,s1-supercomputer,Luxembourg,2012,7762,44,False
123456773,SAS Web Tec,99986,s11-supercomputer,Romania,2011,5353,660,False
123456789,ABC Dogma,99990,s9-supercomputer,Cayman Islands,1978,1823,623,False
123456780,My SQ Man,99981,s8-supercomputer,Austria,1977,4656,444,False
123456771,Pryianka Ji,99999,s9-supercomputer,Samoa,1972,4483,658,True
123456776,ABC Dogma,99997,s10-supercomputer,Liberia,1980,6527,524,False
123456774,Gen Power,99985,s1-supercomputer,Sri Lanka,1977,7377,14,False
123456788,Kirlosker Service Center,99987,s11-supercomputer,Mongolia,1979,6922,561,False
123456785,Gen Power,99993,s5-supercomputer,Martinique,2003,1828,533,True
123456780,SAS Web Tec,99990,s5-supercomputer,Israel,2003,5774,199,False
123456779,Super Sexy Dingo,99981,s3-supercomputer,Belgium,1991,9745,581,False
123456785,My SQ Man,99981,s3-supercomputer,Papua New Guinea,1995,1397,619,True
123456771,ABC Dogma,99992,s5-supercomputer,China,1990,9657,299,True
123456770,Pryianka Ji,99985,s5-supercomputer,Mozambique,1978,1235,165,False
123456778,Loolo INC,99998,s8-supercomputer,Macedonia,1997,9127,654,True
123456782,Kulas Inc,99989,s8-supercomputer,Somalia,1992,7169,513,True
123456774,My SQ Man,99985,s1-supercomputer,Liechtenstein,2004,605,618,False
123456788,Loolo INC,99997,s2-supercomputer,Romania,1999,3180,520,False
123456776,Gen Power,99995,s7-supercomputer,Georgia,1983,8493,250,False
123456776,Loolo INC,99987,s2-supercomputer,Tanzania,2008,4478,384,True
123456779,Will LLC,99981,s10-supercomputer,Sao Tome and Principe,2018,1542,356,False
123456777,Name IT,99997,s10-supercomputer,Indonesia,1987,5671,560,False
123456773,Name IT,99995,s8-supercomputer,Cayman Islands,1977,2378,40,True
123456789,My SQ Man,99994,s5-supercomputer,Kazakhstan,2004,5306,90,False
123456774,My SQ Man,99985,s8-supercomputer,Togo,2008,3767,393,False
123456784,Kulas Inc,99980,s1-supercomputer,Anguilla,2003,79,130,True
123456771,Will LLC,99981,s8-supercomputer,Saudi Arabia,1998,8813,17,False
123456774,Kirlosker Service Center,99991,s8-supercomputer,Poland,1993,632,145,True
123456777,Super Sexy Dingo,99997,s7-supercomputer,Norfolk Island,2011,6004,252,True
123456789,Gen Power,99991,s3-supercomputer,Switzerland,1975,842,57,True
123456785,GitHub,99997,s5-supercomputer,Liechtenstein,1979,4601,575,False
123456789,Pryianka Ji,99982,s9-supercomputer,Oman,1990,4155,620,False
123456786,Name IT,99983,s8-supercomputer,Micronesia,1992,4575,365,True
123456777,Kirlosker Service Center,99982,s2-supercomputer,New Zealand,1987,5800,631,True
123456776,Pryianka Ji,99989,s10-supercomputer,Lebanon,1983,642,382,True
123456781,Kirlosker Service Center,99985,s2-supercomputer,Spain,2006,9612,683,True
123456786,Name IT,99985,s9-supercomputer,Tajikistan,1991,282,458,False
123456772,SAS Web Tec,99993,s4-supercomputer,Barbados,1994,5307,415,True
123456786,SAS Web Tec,99989,s9-supercomputer,Saudi Arabia,2014,7152,181,True
123456777,Loolo INC,99991,s10-supercomputer,Turkmenistan,1990,9132,241,False
123456789,SAS Web Tec,99985,s8-supercomputer,Myanmar,1977,937,362,True
123456771,My SQ Man,99995,s11-supercomputer,United States Virgin Islands,2005,4892,574,False
123456770,Kirlosker Service Center,99983,s2-supercomputer,Swaziland,1980,6351,607,False
123456782,Name IT,99982,s7-supercomputer,Grenada,1995,2549,489,False
123456773,Name IT,99991,s8-supercomputer,British Virgin Islands,1976,8748,538,True
123456776,Loolo INC,99993,s3-supercomputer,Chile,1981,4945,90,True
123456774,Super Sexy Dingo,99985,s5-supercomputer,Iraq,1996,1695,560,True
123456774,Will LLC,99993,s10-supercomputer,Iraq,2005,349,560,False
123456776,Loolo INC,99982,s10-supercomputer,Hungary,2015,7099,677,True
123456779,Gen Power,99993,s9-supercomputer,Belize,1986,9090,629,True
123456778,Gen Power,99997,s9-supercomputer,Venezuela,2010,4715,175,False
123456778,My SQ Man,99980,s4-supercomputer,Bolivia,1982,7867,622,False
123456781,GitHub,99994,s9-supercomputer,Switzerland,2016,9460,581,True
123456780,SAS Web Tec,99996,s5-supercomputer,Slovenia,1994,8324,346,False
123456775,Name IT,99981,s10-supercomputer,Sao Tome and Principe,1981,7643,355,True
123456782,Name IT,99993,s1-supercomputer,Albania,1984,4981,17,False
123456787,Kirlosker Service Center,99992,s11-supercomputer,Serbia,1984,7491,141,False
123456778,Will LLC,99995,s6-supercomputer,Sudan,1991,2909,452,False
123456771,SAS Web Tec,99996,s7-supercomputer,Fiji,2017,8764,325,True
123456777,SAS Web Tec,99982,s10-supercomputer,Kyrgyz Republic,1999,7861,239,True
123456786,SAS Web Tec,99992,s8-supercomputer,Mexico,2005,162,338,False
123456781,GitHub,99986,s10-supercomputer,Sao Tome and Principe,1998,3270,159,True
123456778,ABC Dogma,99995,s11-supercomputer,Liberia,1996,1473,380,True
123456775,SAS Web Tec,99981,s3-supercomputer,Congo,1988,2839,26,True
123456772,Name IT,99980,s5-supercomputer,Guinea,2018,4283,520,False
123456772,Loolo INC,99987,s2-supercomputer,Romania,1972,2700,105,False
123456776,Gen Power,99980,s6-supercomputer,Rwanda,2005,4279,231,True
123456772,Kirlosker Service Center,99995,s1-supercomputer,Sao Tome and Principe,1993,4259,640,True
123456776,My SQ Man,99983,s2-supercomputer,Guatemala,1980,8302,288,True
123456780,Name IT,99999,s9-supercomputer,Puerto Rico,2011,616,298,False
123456780,GitHub,99981,s8-supercomputer,Bermuda,1978,598,620,True
123456772,Gen Power,99980,s10-supercomputer,Malawi,2008,8066,50,False
123456782,Kirlosker Service Center,99991,s9-supercomputer,Heard Island and McDonald Islands,1972,6525,669,True
123456771,GitHub,99997,s11-supercomputer,United States Minor Outlying Islands,1976,1097,292,True
123456787,SAS Web Tec,99980,s11-supercomputer,Myanmar,2010,2998,408,True
123456789,Super Sexy Dingo,99981,s8-supercomputer,Cambodia,1995,3221,353,False
123456772,Kirlosker Service Center,99980,s3-supercomputer,Zimbabwe,1987,6146,486,False
123456778,My SQ Man,99995,s10-supercomputer,Libyan Arab Jamahiriya,1995,2618,552,False
123456774,Gen Power,99983,s1-supercomputer,British Indian Ocean Territory (Chagos Archipelago),1983,7325,580,True
123456779,Pryianka Ji,99993,s8-supercomputer,Argentina,2006,4893,313,True
123456779,Will LLC,99999,s6-supercomputer,Slovakia (Slovak Republic),1988,3201,57,True
123456786,Will LLC,99992,s2-supercomputer,Tunisia,1983,8873,417,True
123456786,Kulas Inc,99994,s6-supercomputer,Sierra Leone,2010,9413,300,False
123456774,Kulas Inc,99996,s6-supercomputer,American Samoa,2016,7658,507,True
123456772,Pryianka Ji,99985,s4-supercomputer,Uganda,1983,5076,480,False
123456785,Kirlosker Service Center,99986,s3-supercomputer,Cyprus,1974,1551,657,True
123456774,Name IT,99989,s11-supercomputer,Senegal,1998,4803,59,False
123456789,Pryianka Ji,99994,s4-supercomputer,Cuba,1976,3715,84,False
123456787,Kirlosker Service Center,99989,s1-supercomputer,French Southern Territories,1997,5618,308,True
123456770,Kulas Inc,99985,s2-supercomputer,Montserrat,1991,3362,88,False
123456789,Pryianka Ji,99989,s6-supercomputer,Ethiopia,1980,284,323,False
123456783,Will LLC,99990,s11-supercomputer,Korea,1973,3157,365,True
123456770,ABC Dogma,99994,s4-supercomputer,Kuwait,2001,9253,28,False
123456773,ABC Dogma,99983,s9-supercomputer,Guernsey,2015,527,154,False
123456784,Super Sexy Dingo,99985,s5-supercomputer,Belarus,2013,794,42,False
123456777,Kulas Inc,99993,s4-supercomputer,Ireland,1977,7138,194,True
123456776,ABC Dogma,99986,s6-supercomputer,Australia,1980,5325,407,False
123456788,GitHub,99995,s1-supercomputer,Lao People's Democratic Republic,1989,3210,381,False
123456775,GitHub,99997,s6-supercomputer,Mozambique,1970,6775,195,False
123456776,Pryianka Ji,99981,s3-supercomputer,Congo,1978,3391,489,False
123456787,Kirlosker Service Center,99983,s1-supercomputer,Korea,2010,2331,594,True
123456782,Name IT,99998,s8-supercomputer,Ethiopia,1983,3777,76,False
123456787,Pryianka Ji,99996,s9-supercomputer,Greece,2014,8446,558,False
123456781,Will LLC,99999,s3-supercomputer,Liechtenstein,2007,4242,372,True
123456788,SAS Web Tec,99992,s7-supercomputer,Japan,1976,2611,349,True
123456770,Will LLC,99981,s7-supercomputer,Honduras,2015,408,390,False
123456785,Will LLC,99981,s11-supercomputer,Pakistan,1972,5661,63,True
123456774,Pryianka Ji,99998,s8-supercomputer,Vanuatu,2016,3181,297,False
123456770,My SQ Man,99987,s9-supercomputer,Kyrgyz Republic,1976,3258,526,True
123456776,Name IT,99987,s8-supercomputer,Australia,1986,2965,420,False
123456786,Loolo INC,99980,s6-supercomputer,Malta,1972,7150,50,False
123456779,Super Sexy Dingo,99995,s3-supercomputer,Dominican Republic,1973,6710,112,True
123456779,ABC Dogma,99991,s7-supercomputer,Guinea-Bissau,2010,9844,646,False
123456770,SAS Web Tec,99992,s3-supercomputer,Monaco,1998,13,63,True
123456775,Kulas Inc,99989,s5-supercomputer,Turkey,1987,3807,683,False
123456786,ABC Dogma,99989,s3-supercomputer,Sierra Leone,1995,4279,612,True
123456782,Loolo INC,99982,s6-supercomputer,Reunion,1980,4693,511,False
123456771,Gen Power,99996,s11-supercomputer,Somalia,1994,9622,136,False
123456782,My SQ Man,99990,s7-supercomputer,Spain,2007,7535,593,False
123456778,Kirlosker Service Center,99993,s2-supercomputer,Spain,2018,1871,590,False
123456776,Will LLC,99989,s3-supercomputer,Greece,2015,6095,487,True
123456784,ABC Dogma,99987,s10-supercomputer,Ecuador,1992,2293,529,False
123456777,Loolo INC,99987,s2-supercomputer,Armenia,2015,6620,206,False
123456782,Pryianka Ji,99992,s1-supercomputer,Vietnam,2008,6389,141,False
123456776,ABC Dogma,99989,s9-supercomputer,Netherlands,1992,6543,98,True
123456785,SAS Web Tec,99982,s6-supercomputer,Nigeria,2007,6626,598,True
123456784,SAS Web Tec,99997,s3-supercomputer,Dominica,1974,5340,59,True
123456772,My SQ Man,99994,s1-supercomputer,Belize,2012,1795,162,True
123456775,My SQ Man,99998,s6-supercomputer,Trinidad and Tobago,1978,4932,585,False
123456776,Super Sexy Dingo,99996,s2-supercomputer,Malaysia,2001,7083,502,False
123456778,Super Sexy Dingo,99996,s5-supercomputer,Tajikistan,1987,8113,577,False
123456771,ABC Dogma,99985,s2-supercomputer,Vietnam,1987,9923,462,False
123456780,Kulas Inc,99992,s2-supercomputer,Bahamas,1996,4148,508,True
123456782,Kulas Inc,99982,s1-supercomputer,Liberia,2014,5161,162,True
123456786,GitHub,99985,s4-supercomputer,Australia,2014,8821,668,False
123456779,Kirlosker Service Center,99997,s4-supercomputer,American Samoa,2018,8933,365,True
123456787,Kulas Inc,99993,s1-supercomputer,Norway,1979,1228,152,True
123456775,Will LLC,99980,s5-supercomputer,Maldives,2012,6745,243,True
123456789,My SQ Man,99980,s5-supercomputer,Norway,2003,1034,700,False
123456778,ABC Dogma,99989,s1-supercomputer,Belarus,2005,592,312,False
123456775,Name IT,99993,s11-supercomputer,Guatemala,1977,4267,281,True
123456776,Will LLC,99985,s1-supercomputer,Bouvet Island (Bouvetoya),1988,8070,529,True
123456777,Pryianka Ji,99985,s7-supercomputer,Ireland,1972,2705,155,False
123456783,Will LLC,99995,s4-supercomputer,Cook Islands,1989,5909,312,True
123456772,Super Sexy Dingo,99999,s6-supercomputer,Mauritius,2004,1800,258,False
123456777,GitHub,99983,s7-supercomputer,Nauru,2016,5111,193,False
123456777,Name IT,99997,s1-supercomputer,Cote d'Ivoire,1973,3691,157,True
123456787,Gen Power,99981,s11-supercomputer,India,1984,7131,693,True
123456771,Name IT,99989,s11-supercomputer,Sweden,1974,2113,576,False
123456783,ABC Dogma,99996,s1-supercomputer,New Zealand,2004,3880,457,True
123456785,My SQ Man,99985,s10-supercomputer,Peru,1991,5365,341,False
123456787,Super Sexy Dingo,99997,s7-supercomputer,Kazakhstan,2011,7864,42,False
123456776,My SQ Man,99997,s11-supercomputer,Isle of Man,1985,8169,359,True
123456789,My SQ Man,99986,s10-supercomputer,Cayman Islands,1989,4633,485,False
123456785,ABC Dogma,99992,s3-supercomputer,Mali,2007,1254,221,True
123456786,My SQ Man,99983,s9-supercomputer,Jamaica,1974,350,77,False
123456778,Kirlosker Service Center,99981,s8-supercomputer,Saint Lucia,2002,2366,47,False
123456786,Super Sexy Dingo,99987,s8-supercomputer,Paraguay,2011,4007,202,False
123456773,SAS Web Tec,99998,s2-supercomputer,Timor-Leste,1973,308,102,True
123456778,Name IT,99983,s9-supercomputer,Tonga,2000,8144,645,True
123456782,Loolo INC,99986,s8-supercomputer,Palau,1979,9522,410,False
123456778,Loolo INC,99993,s1-supercomputer,Ethiopia,1993,3059,271,True
123456778,Name IT,99983,s4-supercomputer,Guinea,2009,9337,625,False
123456783,Pryianka Ji,99985,s2-supercomputer,Latvia,1989,2337,270,True
123456775,Gen Power,99990,s11-supercomputer,Slovenia,2014,3713,422,True
123456775,ABC Dogma,99985,s1-supercomputer,Congo,2010,1628,354,False
123456774,Pryianka Ji,99985,s4-supercomputer,Lebanon,1999,1227,631,True
123456771,Super Sexy Dingo,99981,s6-supercomputer,Uzbekistan,1987,6309,593,False
123456777,My SQ Man,99981,s3-supercomputer,Uruguay,2016,3029,579,False
123456777,My SQ Man,99992,s2-supercomputer,Palau,2019,110,495,True
123456778,SAS Web Tec,99998,s4-supercomputer,Cuba,2010,688,253,False
123456778,Kulas Inc,99992,s1-supercomputer,Monaco,1988,1570,81,False
123456789,Kirlosker Service Center,99990,s8-supercomputer,Saint Lucia,2017,9818,215,True
123456775,Pryianka Ji,99996,s1-supercomputer,Libyan Arab Jamahiriya,2001,8810,37,True
123456771,Pryianka Ji,99989,s6-supercomputer,Tuvalu,2013,5192,614,True
123456777,Will LLC,99986,s10-supercomputer,Guernsey,2009,9034,361,False
123456782,Loolo INC,99999,s8-supercomputer,Morocco,1994,3506,353,False
123456776,Pryianka Ji,99989,s10-supercomputer,Qatar,2013,4931,684,False
123456781,GitHub,99983,s7-supercomputer,Christmas Island,1980,226,342,False
123456770,Kirlosker Service Center,99999,s9-supercomputer,Central African Republic,1991,8854,377,True
123456788,Pryianka Ji,99987,s6-supercomputer,New Zealand,2012,9304,483,True
123456783,My SQ Man,99990,s11-supercomputer,Guatemala,1998,1878,333,True
123456785,Pryianka Ji,99998,s9-supercomputer,Spain,1997,2969,182,True
123456775,My SQ Man,99992,s10-supercomputer,Bahamas,2004,4733,119,False
123456779,Pryianka Ji,99980,s8-supercomputer,Martinique,1986,3533,185,False
123456782,Pryianka Ji,99993,s2-supercomputer,Sao Tome and Principe,2017,6225,199,False
123456777,Gen Power,99986,s6-supercomputer,French Guiana,2014,5830,440,False
123456776,ABC Dogma,99999,s9-supercomputer,French Guiana,2006,117,532,False
123456788,Kirlosker Service Center,99989,s11-supercomputer,Cook Islands,2008,4367,416,False
123456787,Loolo INC,99989,s3-supercomputer,Sudan,1992,3668,119,True
123456788,GitHub,99987,s4-supercomputer,Austria,2015,2761,98,True
123456777,My SQ Man,99994,s9-supercomputer,Belgium,1979,9474,154,False
123456786,Kirlosker Service Center,99996,s6-supercomputer,Brazil,1995,9573,190,False
123456780,Super Sexy Dingo,99995,s11-supercomputer,Hungary,1994,6245,154,False
123456781,Super Sexy Dingo,99993,s8-supercomputer,Suriname,1998,581,184,True
123456789,GitHub,99997,s8-supercomputer,Bangladesh,2008,5171,295,True
123456786,Loolo INC,99998,s6-supercomputer,Slovenia,1976,499,605,False
123456785,Super Sexy Dingo,99999,s5-supercomputer,Moldova,1994,3067,585,True
123456779,Super Sexy Dingo,99985,s11-supercomputer,Cayman Islands,1982,9768,612,True
123456773,Super Sexy Dingo,99980,s9-supercomputer,Jordan,1992,364,388,True
123456786,Pryianka Ji,99985,s11-supercomputer,Sweden,1992,1851,252,False
123456775,Pryianka Ji,99990,s5-supercomputer,Macao,2004,2573,272,True
123456783,SAS Web Tec,99982,s4-supercomputer,Egypt,2000,8171,260,True
123456772,ABC Dogma,99985,s7-supercomputer,Sweden,2016,3176,360,True
123456774,SAS Web Tec,99993,s2-supercomputer,Martinique,1970,9795,364,True
123456775,Will LLC,99994,s10-supercomputer,Belarus,1987,5284,664,False
123456782,Name IT,99999,s9-supercomputer,Western Sahara,2005,8546,117,True
123456773,My SQ Man,99990,s9-supercomputer,Kyrgyz Republic,2008,6977,603,True
123456789,Gen Power,99999,s1-supercomputer,Iraq,1992,7093,343,True
123456783,Gen Power,99980,s3-supercomputer,Turkmenistan,1983,6853,245,True
123456781,Name IT,99993,s4-supercomputer,Sudan,1987,9219,599,True
123456779,Super Sexy Dingo,99999,s8-supercomputer,United Kingdom,2017,1011,644,True
123456782,Super Sexy Dingo,99982,s1-supercomputer,Faroe Islands,1985,4111,495,True
123456785,SAS Web Tec,99986,s7-supercomputer,Mauritius,2003,6952,199,False
123456771,ABC Dogma,99991,s5-supercomputer,Niue,1979,7596,20,False
123456789,ABC Dogma,99991,s2-supercomputer,Canada,2008,344,563,True
123456785,Will LLC,99986,s9-supercomputer,Zimbabwe,2014,1076,92,False
123456775,Loolo INC,99986,s7-supercomputer,Poland,1995,5559,350,True
123456783,Super Sexy Dingo,99989,s1-supercomputer,Dominican Republic,1992,617,143,True
123456780,Gen Power,99992,s5-supercomputer,Qatar,2004,4445,334,True
123456786,Loolo INC,99980,s9-supercomputer,Honduras,2019,6292,329,False
123456771,Will LLC,99993,s10-supercomputer,Spain,2012,8384,513,False
123456786,Pryianka Ji,99993,s6-supercomputer,Belarus,1991,3820,261,False
123456771,Loolo INC,99992,s10-supercomputer,Western Sahara,1992,9456,398,True
123456787,SAS Web Tec,99992,s4-supercomputer,Guyana,2001,1133,26,False
123456789,ABC Dogma,99986,s4-supercomputer,Madagascar,1973,3633,32,True
123456773,Kulas Inc,99996,s7-supercomputer,Liberia,1993,2497,685,True
123456774,Loolo INC,99999,s7-supercomputer,Moldova,2014,2913,575,True
123456789,Kulas Inc,99995,s8-supercomputer,India,1997,2650,230,True
123456774,SAS Web Tec,99996,s6-supercomputer,Equatorial Guinea,1979,4596,132,True
123456785,Name IT,99990,s5-supercomputer,Mauritius,2017,3041,553,False
123456774,Gen Power,99996,s5-supercomputer,Brazil,2016,7323,198,True
123456777,Will LLC,99980,s3-supercomputer,Nicaragua,1996,4654,31,True
123456778,SAS Web Tec,99985,s3-supercomputer,Comoros,1988,5366,592,False
123456772,My SQ Man,99986,s3-supercomputer,Switzerland,1984,9869,349,False
123456780,GitHub,99998,s3-supercomputer,Cote d'Ivoire,2000,4594,453,True
123456773,Kulas Inc,99991,s10-supercomputer,Kenya,1989,7369,188,True
123456778,Super Sexy Dingo,99994,s11-supercomputer,Oman,1984,387,284,True
123456786,Will LLC,99994,s2-supercomputer,Ethiopia,2009,7593,23,True
123456780,ABC Dogma,99997,s2-supercomputer,Luxembourg,1994,8493,60,True
123456775,Will LLC,99981,s9-supercomputer,Taiwan,1975,3612,43,False
123456774,ABC Dogma,99996,s10-supercomputer,Zambia,1988,6551,466,True
123456779,Pryianka Ji,99989,s10-supercomputer,Tanzania,1979,2187,509,True
123456773,Will LLC,99994,s5-supercomputer,United States Minor Outlying Islands,1970,3206,136,False
123456789,Super Sexy Dingo,99991,s11-supercomputer,Mauritania,1978,3985,47,True
123456781,Kirlosker Service Center,99987,s3-supercomputer,Sri Lanka,2015,1517,20,False
123456776,Loolo INC,99986,s2-supercomputer,Greenland,2011,6984,172,False
123456781,ABC Dogma,99990,s4-supercomputer,Mayotte,1989,6126,372,False
123456786,ABC Dogma,99982,s6-supercomputer,Peru,1978,1971,446,False
123456774,Pryianka Ji,99998,s9-supercomputer,Holy See (Vatican City State),2004,4116,64,True
123456774,Gen Power,99996,s5-supercomputer,Colombia,2018,8198,491,True
123456781,Kirlosker Service Center,99980,s10-supercomputer,Portugal,2009,697,269,True
123456771,Super Sexy Dingo,99980,s11-supercomputer,Greenland,1989,7479,689,True
123456773,SAS Web Tec,99985,s5-supercomputer,Ireland,1982,20,363,False
123456775,Loolo INC,99990,s4-supercomputer,American Samoa,2019,5489,670,True
123456776,My SQ Man,99999,s4-supercomputer,Iceland,1979,5754,104,False
123456788,Pryianka Ji,99983,s5-supercomputer,Thailand,2001,1153,578,False
123456788,Kulas Inc,99994,s10-supercomputer,Malta,2018,3360,20,True
123456773,My SQ Man,99996,s4-supercomputer,Bahrain,1988,7108,638,False
123456773,SAS Web Tec,99997,s4-supercomputer,Kuwait,2004,5605,45,False
123456784,SAS Web Tec,99992,s8-supercomputer,Nicaragua,1989,9289,90,False
123456772,GitHub,99983,s2-supercomputer,Solomon Islands,1997,5705,376,True
123456770,Name IT,99990,s1-supercomputer,Portugal,2012,727,413,False
123456775,Loolo INC,99995,s9-supercomputer,Tanzania,1972,8551,318,False
123456785,Gen Power,99987,s11-supercomputer,French Guiana,1996,9164,479,False
123456782,Super Sexy Dingo,99992,s3-supercomputer,Antarctica (the territory South of 60 deg S),1992,3279,693,True
123456777,Gen Power,99998,s2-supercomputer,Syrian Arab Republic,1995,2096,570,True
123456784,Kulas Inc,99983,s10-supercomputer,Barbados,2011,7672,605,True
123456771,SAS Web Tec,99982,s4-supercomputer,Wallis and Futuna,1992,8896,539,False
123456781,SAS Web Tec,99994,s5-supercomputer,Czech Republic,2018,8546,148,True
123456778,Name IT,99994,s9-supercomputer,Australia,1986,8538,611,False
123456775,GitHub,99985,s9-supercomputer,Micronesia,1995,936,287,False
123456775,SAS Web Tec,99996,s3-supercomputer,Turkmenistan,2007,6011,155,True
123456770,Loolo INC,99990,s11-supercomputer,Svalbard & Jan Mayen Islands,1973,2717,425,True
123456776,GitHub,99981,s10-supercomputer,Kazakhstan,1998,4583,141,False
123456776,GitHub,99985,s9-supercomputer,Guinea,1975,591,63,True
123456774,SAS Web Tec,99995,s1-supercomputer,Antarctica (the territory South of 60 deg S),1986,4031,193,False
123456785,Gen Power,99998,s2-supercomputer,Faroe Islands,2015,8182,403,True
123456781,ABC Dogma,99985,s8-supercomputer,Saint Martin,1975,7700,162,False
123456787,Kulas Inc,99986,s2-supercomputer,Colombia,1982,263,690,False
123456789,ABC Dogma,99989,s5-supercomputer,Mauritius,2017,4439,93,True
123456785,SAS Web Tec,99985,s5-supercomputer,Myanmar,1980,4359,511,False
123456783,SAS Web Tec,99982,s11-supercomputer,Slovenia,1972,8691,256,False
123456773,Name IT,99983,s3-supercomputer,Brunei Darussalam,2019,5661,614,False
123456782,SAS Web Tec,99990,s1-supercomputer,Thailand,2019,3360,644,False
123456781,Name IT,99992,s3-supercomputer,Saint Barthelemy,1996,80,601,False
123456771,SAS Web Tec,99985,s3-supercomputer,Philippines,1980,1756,327,False
123456778,Kulas Inc,99985,s6-supercomputer,Tonga,1988,5579,325,False
123456773,SAS Web Tec,99985,s5-supercomputer,Egypt,1979,9450,682,False
123456770,Gen Power,99985,s4-supercomputer,Malawi,2002,514,576,False
123456772,Gen Power,99985,s9-supercomputer,Tunisia,1993,1207,695,True
123456777,Super Sexy Dingo,99982,s3-supercomputer,Togo,2017,6921,245,True
123456778,My SQ Man,99989,s1-supercomputer,Slovenia,2019,3685,96,True
123456782,Will LLC,99985,s8-supercomputer,Uzbekistan,2007,5074,420,False
123456785,Kirlosker Service Center,99986,s8-supercomputer,Saint Helena,1978,641,121,True
123456782,My SQ Man,99983,s1-supercomputer,Uruguay,1997,4106,665,True
123456779,Super Sexy Dingo,99992,s3-supercomputer,South Africa,1977,3201,16,False
123456772,ABC Dogma,99987,s3-supercomputer,United Arab Emirates,2005,6568,71,True
123456781,Loolo INC,99994,s11-supercomputer,Bouvet Island (Bouvetoya),2005,9468,324,False
123456785,GitHub,99985,s10-supercomputer,Bolivia,2002,6054,526,True
123456785,Pryianka Ji,99991,s1-supercomputer,Christmas Island,1975,5224,20,True
123456785,Super Sexy Dingo,99994,s2-supercomputer,Myanmar,2009,3077,493,False
123456775,Will LLC,99981,s5-supercomputer,United Arab Emirates,2013,8002,629,True
123456784,My SQ Man,99996,s3-supercomputer,Guinea-Bissau,2009,6874,215,True
123456776,Gen Power,99987,s4-supercomputer,Algeria,1992,6606,582,True
123456777,Loolo INC,99990,s3-supercomputer,Palestinian Territory,1979,5673,24,False
123456780,My SQ Man,99994,s5-supercomputer,Azerbaijan,1999,7107,147,True
123456787,Super Sexy Dingo,99994,s6-supercomputer,Nicaragua,1982,4496,333,False
123456781,Gen Power,99991,s1-supercomputer,Burkina Faso,1985,9693,696,False
123456770,SAS Web Tec,99992,s11-supercomputer,Austria,2008,6346,336,True
123456777,Name IT,99980,s2-supercomputer,Bangladesh,2006,5256,362,False
123456775,Loolo INC,99993,s8-supercomputer,Mongolia,1980,2714,280,True
123456782,Will LLC,99981,s3-supercomputer,Cape Verde,2001,3552,157,False
123456770,Will LLC,99981,s7-supercomputer,Serbia,1986,611,304,True
123456777,Kulas Inc,99982,s7-supercomputer,Western Sahara,1978,554,275,True
123456777,ABC Dogma,99991,s11-supercomputer,Cote d'Ivoire,2011,5591,145,True
123456789,Pryianka Ji,99980,s10-supercomputer,Russian Federation,2010,9659,506,True
123456786,Gen Power,99994,s9-supercomputer,Yemen,2002,8676,528,False
123456773,Pryianka Ji,99990,s9-supercomputer,Chile,1978,5663,487,True
123456775,SAS Web Tec,99987,s7-supercomputer,New Zealand,1975,6856,421,True
123456785,Gen Power,99986,s11-supercomputer,Gibraltar,2017,5133,347,False
123456782,Kulas Inc,99986,s1-supercomputer,Angola,1994,4306,691,True
123456772,ABC Dogma,99995,s4-supercomputer,Morocco,1988,5005,199,False
123456773,Kulas Inc,99983,s1-supercomputer,Niger,2017,2180,41,True
123456776,Super Sexy Dingo,99987,s7-supercomputer,Eritrea,2008,7518,114,False
123456772,Kulas Inc,99998,s10-supercomputer,Germany,1988,8644,290,False
123456784,Kulas Inc,99990,s7-supercomputer,Azerbaijan,2006,2085,645,False
123456787,Kirlosker Service Center,99995,s1-supercomputer,Niger,2001,6699,688,True
123456771,My SQ Man,99983,s3-supercomputer,Central African Republic,1988,6152,94,False
123456779,Pryianka Ji,99980,s10-supercomputer,Samoa,1980,7221,84,True
123456778,Kirlosker Service Center,99985,s9-supercomputer,Macedonia,1997,7384,224,True
123456780,My SQ Man,99982,s9-supercomputer,Wallis and Futuna,1974,7550,295,True
123456784,Name IT,99985,s8-supercomputer,Nicaragua,2010,1736,195,True
123456782,Pryianka Ji,99994,s11-supercomputer,Cyprus,1977,7390,388,False
123456777,Will LLC,99998,s1-supercomputer,Jamaica,2015,2205,353,True
123456775,Gen Power,99995,s3-supercomputer,Guinea-Bissau,2016,1575,471,True
123456783,Kirlosker Service Center,99985,s3-supercomputer,Norway,1971,9337,686,True
123456777,GitHub,99989,s2-supercomputer,Nauru,1979,6557,696,False
123456778,GitHub,99989,s10-supercomputer,Myanmar,2000,4930,640,True
123456781,Super Sexy Dingo,99991,s6-supercomputer,Iceland,2012,7600,411,False
123456782,Will LLC,99991,s4-supercomputer,Switzerland,2015,5038,77,False
123456787,Loolo INC,99998,s1-supercomputer,Andorra,2019,1295,319,False
123456782,My SQ Man,99999,s5-supercomputer,Lebanon,2006,9283,282,True
123456770,Will LLC,99993,s11-supercomputer,Botswana,2011,7550,571,True
123456785,My SQ Man,99987,s9-supercomputer,Egypt,2000,2771,653,True
123456781,Name IT,99995,s1-supercomputer,Djibouti,1998,5077,266,True
123456777,GitHub,99990,s2-supercomputer,Netherlands Antilles,1989,5896,36,True
123456780,Super Sexy Dingo,99991,s5-supercomputer,France,2019,7279,434,False
123456775,SAS Web Tec,99993,s2-supercomputer,Mozambique,1986,1388,189,False
123456789,My SQ Man,99990,s3-supercomputer,Trinidad and Tobago,2004,2086,53,True
123456788,My SQ Man,99983,s11-supercomputer,Micronesia,2008,2313,553,True
123456777,SAS Web Tec,99996,s2-supercomputer,Bolivia,2000,3095,61,False
123456779,Loolo INC,99998,s2-supercomputer,Vietnam,2004,3100,350,False
123456783,Pryianka Ji,99992,s11-supercomputer,Sierra Leone,1981,3033,455,True
123456770,Kulas Inc,99998,s6-supercomputer,Bahamas,1984,5616,482,False
123456770,Super Sexy Dingo,99996,s7-supercomputer,New Caledonia,1990,3372,620,False
123456788,My SQ Man,99980,s4-supercomputer,Cyprus,1999,503,308,True
123456789,Kulas Inc,99980,s9-supercomputer,Sierra Leone,1985,3998,330,False
123456771,Will LLC,99993,s9-supercomputer,Svalbard & Jan Mayen Islands,2018,1633,147,True
123456781,Kirlosker Service Center,99980,s7-supercomputer,Norway,1980,9511,90,False
123456777,Will LLC,99995,s3-supercomputer,Guinea-Bissau,2003,6958,698,True
123456789,Pryianka Ji,99983,s10-supercomputer,Mozambique,1981,3055,640,True
123456775,Name IT,99981,s4-supercomputer,Estonia,1995,8014,109,False
123456784,Loolo INC,99996,s2-supercomputer,Guadeloupe,1988,8377,292,True
123456774,Super Sexy Dingo,99996,s9-supercomputer,Gabon,2007,5118,565,True
123456784,SAS Web Tec,99993,s4-supercomputer,Timor-Leste,1993,9675,682,False
123456773,Gen Power,99992,s2-supercomputer,Dominica,2012,8287,301,False
123456784,Super Sexy Dingo,99983,s1-supercomputer,Belize,1993,1730,322,False
123456775,Name IT,99993,s9-supercomputer,Angola,1996,6078,39,False
123456787,Pryianka Ji,99993,s8-supercomputer,Iran,1997,1439,658,True
123456782,Loolo INC,99998,s3-supercomputer,Georgia,2006,501,218,True
123456774,Loolo INC,99982,s7-supercomputer,Latvia,1981,6714,372,False
123456772,Pryianka Ji,99996,s4-supercomputer,China,1990,8047,195,True
123456780,Gen Power,99991,s2-supercomputer,Puerto Rico,1983,156,57,False
123456780,Kulas Inc,99986,s1-supercomputer,Slovenia,1973,437,346,True
123456788,Loolo INC,99983,s5-supercomputer,Falkland Islands (Malvinas),1991,2324,508,False
123456776,Will LLC,99981,s2-supercomputer,Faroe Islands,1993,1506,122,True
123456780,Kulas Inc,99987,s1-supercomputer,Korea,1974,1752,421,True
123456787,Loolo INC,99996,s9-supercomputer,Tonga,2000,1788,533,False
123456787,Will LLC,99983,s2-supercomputer,Senegal,1996,6361,165,True
123456785,My SQ Man,99999,s11-supercomputer,Saudi Arabia,2017,878,394,False
123456785,My SQ Man,99980,s4-supercomputer,Chile,2005,6251,419,True
123456774,My SQ Man,99992,s10-supercomputer,San Marino,2015,771,371,False
123456772,Name IT,99996,s9-supercomputer,Trinidad and Tobago,1981,6610,499,True
123456787,Name IT,99987,s3-supercomputer,Saint Helena,2007,8753,185,True
123456774,Name IT,99987,s2-supercomputer,United States Minor Outlying Islands,1997,4232,608,False
123456775,Loolo INC,99985,s3-supercomputer,Macao,2002,3910,627,False
123456785,Kulas Inc,99986,s2-supercomputer,Mauritania,1994,3790,544,True
123456777,Kulas Inc,99997,s4-supercomputer,Belize,2019,8712,348,False
123456785,Kulas Inc,99994,s9-supercomputer,Israel,1992,4295,673,True
123456770,Pryianka Ji,99994,s8-supercomputer,Greece,1998,7435,694,False
123456771,Kulas Inc,99998,s3-supercomputer,United States Minor Outlying Islands,2014,3133,414,False
123456779,Name IT,99989,s7-supercomputer,Nepal,1979,6594,597,False
123456779,Will LLC,99982,s3-supercomputer,Northern Mariana Islands,2014,4317,47,True
123456772,ABC Dogma,99993,s7-supercomputer,Israel,1995,5625,374,True
123456772,Kulas Inc,99989,s6-supercomputer,Georgia,1970,4593,510,False
123456785,Gen Power,99992,s5-supercomputer,Mali,1975,8410,593,True
123456788,Loolo INC,99999,s6-supercomputer,Seychelles,1972,2156,323,False
123456780,Will LLC,99996,s6-supercomputer,Qatar,2017,6187,509,False
123456777,Pryianka Ji,99992,s3-supercomputer,Georgia,1979,364,194,False
123456772,GitHub,99994,s3-supercomputer,Finland,1998,8535,47,True
123456783,Loolo INC,99999,s2-supercomputer,Djibouti,1990,208,189,True
123456779,SAS Web Tec,99983,s11-supercomputer,Croatia,1977,8433,168,True
123456783,Will LLC,99998,s8-supercomputer,Lesotho,2015,3788,665,False
123456779,My SQ Man,99983,s10-supercomputer,Cote d'Ivoire,2011,169,17,False
123456770,Super Sexy Dingo,99981,s2-supercomputer,Korea,2012,408,70,False
123456789,Loolo INC,99982,s9-supercomputer,Chile,1978,5053,102,True
123456772,Kirlosker Service Center,99992,s10-supercomputer,Italy,1975,3708,619,False
123456788,Pryianka Ji,99996,s9-supercomputer,Bulgaria,2018,9333,566,False
123456783,Will LLC,99980,s7-supercomputer,Saint Barthelemy,1999,746,700,False
123456779,Name IT,99985,s1-supercomputer,Guadeloupe,2016,7608,470,True
123456783,Name IT,99986,s9-supercomputer,Bosnia and Herzegovina,1999,594,318,True
123456775,ABC Dogma,99985,s11-supercomputer,Mali,2000,4044,225,False
123456781,GitHub,99996,s9-supercomputer,Tanzania,2005,9892,564,True
123456786,Will LLC,99995,s1-supercomputer,Anguilla,2018,5501,230,True
123456778,ABC Dogma,99995,s2-supercomputer,Aruba,1979,5048,68,False
123456789,Gen Power,99995,s8-supercomputer,Cote d'Ivoire,1980,8581,506,False
123456771,Name IT,99991,s8-supercomputer,Liechtenstein,2004,9910,27,True
123456785,Kirlosker Service Center,99980,s6-supercomputer,Paraguay,1990,463,87,False
123456785,My SQ Man,99983,s7-supercomputer,Lao People's Democratic Republic,2005,7552,11,True
123456783,Kulas Inc,99993,s6-supercomputer,Benin,2002,299,143,True
123456773,Super Sexy Dingo,99983,s6-supercomputer,Kuwait,2009,5279,699,False
123456783,ABC Dogma,99982,s2-supercomputer,Cuba,1995,120,560,False
123456787,GitHub,99987,s6-supercomputer,Brazil,1991,7112,225,True
123456780,GitHub,99995,s10-supercomputer,Comoros,2014,3016,288,True
123456770,Gen Power,99985,s4-supercomputer,Niger,2011,1189,686,False
123456778,Will LLC,99985,s8-supercomputer,Congo,1979,2450,76,False
123456777,Loolo INC,99996,s5-supercomputer,Vanuatu,1970,5200,96,True
123456789,ABC Dogma,99991,s8-supercomputer,Latvia,1989,643,503,False
123456785,Pryianka Ji,99995,s8-supercomputer,Bouvet Island (Bouvetoya),1990,2640,635,False
123456783,Super Sexy Dingo,99991,s7-supercomputer,Cuba,1991,3297,498,False
123456772,Kulas Inc,99982,s5-supercomputer,Cyprus,2006,7252,445,True
123456780,SAS Web Tec,99994,s11-supercomputer,Samoa,1971,5264,334,False
123456776,Super Sexy Dingo,99980,s11-supercomputer,Guinea,1997,609,603,False
123456786,Kulas Inc,99981,s9-supercomputer,Cyprus,2015,6585,670,False
123456780,My SQ Man,99991,s9-supercomputer,Iceland,2008,3706,598,False
123456785,Super Sexy Dingo,99999,s8-supercomputer,Lao People's Democratic Republic,1970,4889,334,True
123456787,Kirlosker Service Center,99986,s5-supercomputer,Pitcairn Islands,1991,748,10,False
123456785,SAS Web Tec,99983,s1-supercomputer,Chile,2007,2066,150,True
123456781,SAS Web Tec,99987,s2-supercomputer,Lebanon,2012,90,220,True
123456776,Name IT,99980,s5-supercomputer,Cote d'Ivoire,2000,7033,431,True
123456782,Super Sexy Dingo,99980,s3-supercomputer,Peru,1989,5461,525,False
123456773,Super Sexy Dingo,99993,s11-supercomputer,Panama,1994,5457,630,True
123456773,Loolo INC,99994,s2-supercomputer,Yemen,1982,1425,103,False
123456774,Super Sexy Dingo,99996,s2-supercomputer,Marshall Islands,1990,4944,611,True
123456774,GitHub,99990,s3-supercomputer,Yemen,1990,8613,657,True
123456787,GitHub,99997,s9-supercomputer,Liberia,2006,5548,363,False
123456780,Pryianka Ji,99993,s5-supercomputer,Syrian Arab Republic,2018,3193,532,False
123456789,Pryianka Ji,99987,s11-supercomputer,Cote d'Ivoire,1974,6836,209,False
123456771,Gen Power,99982,s3-supercomputer,Ireland,2012,7562,216,False
123456783,Super Sexy Dingo,99985,s2-supercomputer,Suriname,1996,6486,378,True
123456771,Loolo INC,99987,s4-supercomputer,Sierra Leone,1983,9837,157,False
123456780,Pryianka Ji,99992,s6-supercomputer,Spain,1971,4987,205,False
123456776,Loolo INC,99980,s7-supercomputer,Iraq,1985,4193,529,False
123456779,Kirlosker Service Center,99995,s11-supercomputer,Greece,2007,2297,455,False
123456780,Will LLC,99991,s11-supercomputer,British Indian Ocean Territory (Chagos Archipelago),2019,5212,327,True
123456772,ABC Dogma,99980,s4-supercomputer,Central African Republic,2007,5638,596,True
123456788,My SQ Man,99982,s11-supercomputer,Korea,1995,4308,500,False
123456788,Loolo INC,99994,s10-supercomputer,Romania,1977,813,355,True
123456778,Will LLC,99993,s7-supercomputer,Cayman Islands,1995,8899,130,True
123456779,Gen Power,99980,s7-supercomputer,Sao Tome and Principe,1999,3443,164,False
123456779,My SQ Man,99991,s9-supercomputer,Denmark,2014,2261,522,True
123456776,GitHub,99990,s1-supercomputer,Falkland Islands (Malvinas),1986,316,363,True
123456775,Loolo INC,99998,s8-supercomputer,Norway,1975,6970,320,False
123456771,ABC Dogma,99991,s8-supercomputer,Sudan,2002,1478,252,True
123456773,Gen Power,99983,s6-supercomputer,Korea,1996,3055,535,False
123456780,SAS Web Tec,99994,s4-supercomputer,Martinique,2008,8355,537,False
123456787,Kulas Inc,99991,s11-supercomputer,Belize,1987,6151,516,True
123456780,My SQ Man,99985,s10-supercomputer,Cape Verde,2009,5792,446,False
123456779,Loolo INC,99999,s9-supercomputer,Bermuda,1989,8199,639,False
123456777,Name IT,99982,s11-supercomputer,Saint Vincent and the Grenadines,2000,8659,287,False
123456785,Gen Power,99985,s1-supercomputer,Gabon,2008,7695,176,False
123456777,GitHub,99987,s6-supercomputer,Argentina,1972,8331,435,True
123456774,Kirlosker Service Center,99989,s2-supercomputer,Bahamas,2012,4526,446,False
123456773,Pryianka Ji,99982,s10-supercomputer,Zambia,2002,4200,111,True
123456786,GitHub,99983,s5-supercomputer,Syrian Arab Republic,1971,3701,190,False
123456789,ABC Dogma,99989,s1-supercomputer,Timor-Leste,2005,3436,310,False
123456785,Kulas Inc,99995,s3-supercomputer,Malaysia,1993,4313,142,False
123456786,GitHub,99989,s3-supercomputer,Guadeloupe,2011,7594,540,False
123456787,Loolo INC,99982,s6-supercomputer,Bouvet Island (Bouvetoya),1981,4921,262,False
123456772,Name IT,99994,s2-supercomputer,Djibouti,1979,1241,553,False
123456770,Loolo INC,99998,s6-supercomputer,Burkina Faso,2014,3164,174,False
123456787,Kulas Inc,99992,s4-supercomputer,Antarctica (the territory South of 60 deg S),1978,382,186,True
123456782,SAS Web Tec,99985,s5-supercomputer,Barbados,2015,3853,27,False
123456774,Kulas Inc,99992,s9-supercomputer,Brunei Darussalam,1972,8943,62,False
123456775,Pryianka Ji,99980,s8-supercomputer,Botswana,1983,2135,280,True
123456774,Will LLC,99981,s9-supercomputer,Bahamas,2016,8374,342,True
123456772,Pryianka Ji,99998,s8-supercomputer,Georgia,1988,9615,407,True
123456774,SAS Web Tec,99995,s5-supercomputer,Sri Lanka,2010,4933,179,False
123456776,Loolo INC,99985,s9-supercomputer,Haiti,1992,7453,249,True
123456771,Pryianka Ji,99985,s8-supercomputer,Marshall Islands,1994,6284,494,False
123456771,SAS Web Tec,99998,s7-supercomputer,Hungary,1995,5513,625,True
123456781,Kirlosker Service Center,99990,s9-supercomputer,Solomon Islands,1989,3077,679,False
123456772,SAS Web Tec,99991,s10-supercomputer,Vanuatu,1999,285,148,True
123456775,ABC Dogma,99980,s11-supercomputer,Guyana,1976,4845,353,False
123456785,Pryianka Ji,99996,s7-supercomputer,Palestinian Territory,1971,4011,382,True
123456789,ABC Dogma,99990,s7-supercomputer,Angola,2003,7006,659,True
123456777,Loolo INC,99999,s7-supercomputer,Cuba,1972,6789,252,True
123456788,Will LLC,99985,s9-supercomputer,Zimbabwe,1994,2506,502,False
123456783,Kirlosker Service Center,99989,s10-supercomputer,Israel,1989,3366,237,False
123456781,Gen Power,99981,s9-supercomputer,Belarus,2003,3277,44,False
123456772,Gen Power,99989,s10-supercomputer,Indonesia,2002,9723,668,True
123456776,My SQ Man,99989,s10-supercomputer,Tajikistan,2008,6157,619,False
123456783,Super Sexy Dingo,99985,s3-supercomputer,Qatar,1997,3025,506,False
123456773,Super Sexy Dingo,99995,s1-supercomputer,Albania,1978,8661,361,False
123456778,Kirlosker Service Center,99996,s7-supercomputer,Panama,1978,6277,468,True
123456783,Kulas Inc,99982,s5-supercomputer,Paraguay,2014,3488,247,True
123456784,Kulas Inc,99982,s1-supercomputer,Uruguay,1987,380,54,False
123456785,Kirlosker Service Center,99993,s6-supercomputer,Estonia,2004,8366,230,False
123456775,Kulas Inc,99994,s10-supercomputer,French Southern Territories,1993,8538,488,True
123456780,Kulas Inc,99994,s4-supercomputer,Estonia,1998,982,150,False
123456779,Will LLC,99985,s3-supercomputer,Cote d'Ivoire,1988,9520,283,True
123456776,GitHub,99991,s11-supercomputer,Guernsey,1995,8901,671,True
123456779,Kirlosker Service Center,99999,s1-supercomputer,Bolivia,2005,7861,47,True
123456776,My SQ Man,99999,s10-supercomputer,Slovakia (Slovak Republic),2002,4004,84,True
123456774,Will LLC,99994,s9-supercomputer,Yemen,1970,4564,305,False
123456772,ABC Dogma,99987,s10-supercomputer,Tonga,1984,7093,408,False
123456781,Super Sexy Dingo,99987,s5-supercomputer,Philippines,2000,500,271,True
123456781,Kulas Inc,99985,s6-supercomputer,Kyrgyz Republic,2000,9266,54,False
123456784,My SQ Man,99994,s6-supercomputer,Seychelles,1990,8918,439,False
123456776,Pryianka Ji,99985,s3-supercomputer,Bahamas,1977,449,511,False
123456778,GitHub,99992,s6-supercomputer,French Polynesia,2014,5154,207,True
123456785,Kirlosker Service Center,99994,s7-supercomputer,Austria,1977,251,126,True
123456778,Loolo INC,99989,s1-supercomputer,Bhutan,1990,9296,172,False
123456783,Loolo INC,99997,s6-supercomputer,Serbia,2004,9376,403,False
123456772,ABC Dogma,99999,s6-supercomputer,Macao,1994,3470,236,False
123456775,GitHub,99982,s6-supercomputer,British Indian Ocean Territory (Chagos Archipelago),1971,3912,501,False
123456776,Will LLC,99987,s6-supercomputer,Burkina Faso,1997,2997,299,True
123456777,Loolo INC,99990,s7-supercomputer,Solomon Islands,1982,7738,203,False
123456784,Kirlosker Service Center,99982,s8-supercomputer,Guernsey,1972,6368,474,True
123456775,SAS Web Tec,99982,s10-supercomputer,Poland,2003,351,419,True
123456770,SAS Web Tec,99983,s11-supercomputer,Korea,2018,7685,455,False
123456787,Name IT,99985,s4-supercomputer,Nigeria,2008,9549,578,True
123456785,Loolo INC,99983,s4-supercomputer,Guyana,1999,3250,101,True
123456786,Super Sexy Dingo,99992,s9-supercomputer,Algeria,1983,1223,598,False
123456789,ABC Dogma,99995,s3-supercomputer,Luxembourg,2011,2661,219,True
123456783,Will LLC,99986,s5-supercomputer,Aruba,1971,5328,231,True
123456771,Loolo INC,99981,s8-supercomputer,Korea,1973,4769,75,False
123456770,SAS Web Tec,99989,s9-supercomputer,Cyprus,2001,5809,72,False
123456772,SAS Web Tec,99998,s10-supercomputer,Guernsey,1990,2002,675,False
123456772,Gen Power,99993,s3-supercomputer,Syrian Arab Republic,1991,2239,274,False
123456783,Super Sexy Dingo,99986,s2-supercomputer,Costa Rica,1991,4755,76,True
123456776,Kulas Inc,99985,s10-supercomputer,Moldova,1991,7892,537,False
123456782,My SQ Man,99995,s7-supercomputer,New Caledonia,1997,6828,297,False
123456785,Name IT,99998,s4-supercomputer,Japan,1972,9545,321,True
123456775,My SQ Man,99987,s11-supercomputer,Barbados,2002,9139,592,True
123456786,GitHub,99985,s2-supercomputer,Belize,2003,8097,413,True
123456783,Name IT,99986,s5-supercomputer,Marshall Islands,1984,3703,520,False
123456786,SAS Web Tec,99998,s8-supercomputer,Peru,1998,5473,576,True
123456779,Kirlosker Service Center,99980,s1-supercomputer,Congo,2009,7824,361,True
123456788,ABC Dogma,99990,s3-supercomputer,Papua New Guinea,1989,5859,462,True
123456774,Name IT,99986,s8-supercomputer,French Polynesia,1972,8259,83,True
123456775,Kirlosker Service Center,99999,s8-supercomputer,Faroe Islands,2001,743,59,False
123456785,Pryianka Ji,99995,s7-supercomputer,Barbados,2019,4272,476,True
123456775,Loolo INC,99980,s7-supercomputer,Guinea-Bissau,2013,8406,87,True
123456781,Pryianka Ji,99982,s8-supercomputer,Togo,2010,515,543,False
123456776,Will LLC,99997,s8-supercomputer,Faroe Islands,1997,8764,334,True
123456779,ABC Dogma,99996,s4-supercomputer,Guam,1986,3671,153,True
123456770,Name IT,99998,s5-supercomputer,Belize,1974,1413,139,True
123456781,Will LLC,99983,s8-supercomputer,Thailand,2008,9536,94,False
123456779,ABC Dogma,99981,s1-supercomputer,Kiribati,2000,8646,378,False
123456775,ABC Dogma,99990,s2-supercomputer,Maldives,1982,3096,686,True
123456787,Pryianka Ji,99994,s3-supercomputer,Iceland,1981,8219,400,False
123456782,Name IT,99985,s4-supercomputer,Holy See (Vatican City State),1979,2018,334,False
123456781,SAS Web Tec,99998,s6-supercomputer,Qatar,1985,3867,362,True
123456782,Loolo INC,99986,s2-supercomputer,British Indian Ocean Territory (Chagos Archipelago),2015,5149,17,True
123456780,Super Sexy Dingo,99990,s1-supercomputer,Serbia,1996,2862,292,False
123456789,Super Sexy Dingo,99980,s2-supercomputer,Palestinian Territory,2004,7316,463,False
123456787,SAS Web Tec,99982,s6-supercomputer,Trinidad and Tobago,1978,2469,434,True
123456778,Loolo INC,99983,s10-supercomputer,Guatemala,1972,9285,97,True
123456789,Pryianka Ji,99982,s4-supercomputer,Turkmenistan,1970,5545,625,False
123456778,Gen Power,99998,s5-supercomputer,Liberia,1982,7280,542,True
123456781,Kirlosker Service Center,99981,s10-supercomputer,Maldives,2010,5760,527,False
123456776,Kirlosker Service Center,99980,s10-supercomputer,Russian Federation,1988,4764,611,False
123456773,Kirlosker Service Center,99985,s2-supercomputer,Egypt,2010,6780,365,False
123456773,Kirlosker Service Center,99996,s3-supercomputer,Solomon Islands,2014,1112,662,False
123456779,Name IT,99990,s9-supercomputer,Guatemala,2018,2617,692,False
123456783,My SQ Man,99991,s4-supercomputer,Saint Pierre and Miquelon,2017,4670,468,False
123456780,Gen Power,99989,s6-supercomputer,Cote d'Ivoire,1991,2215,241,False
123456783,Pryianka Ji,99997,s6-supercomputer,Fiji,2011,2626,333,True
123456778,Super Sexy Dingo,99983,s6-supercomputer,Canada,1999,4168,555,True
123456787,SAS Web Tec,99985,s7-supercomputer,Angola,2017,6648,512,True
123456788,Kulas Inc,99998,s9-supercomputer,Honduras,2000,1094,340,False
123456780,Gen Power,99981,s6-supercomputer,Slovenia,2005,7957,465,True
123456781,Super Sexy Dingo,99989,s6-supercomputer,Oman,1996,8530,604,True
123456771,ABC Dogma,99992,s1-supercomputer,Italy,2019,3566,186,False
123456777,Name IT,99994,s8-supercomputer,Guyana,2015,3012,131,True
123456782,SAS Web Tec,99996,s9-supercomputer,Iceland,1995,5086,146,False
123456782,GitHub,99996,s1-supercomputer,Guinea-Bissau,1998,7968,484,False
123456789,Loolo INC,99993,s7-supercomputer,Iraq,2018,1835,399,True
123456772,My SQ Man,99987,s11-supercomputer,Ecuador,1973,2664,386,True
123456782,Pryianka Ji,99985,s1-supercomputer,Chile,1980,2079,240,True
123456787,Pryianka Ji,99991,s8-supercomputer,Ukraine,1989,8200,195,True
123456770,SAS Web Tec,99989,s8-supercomputer,Nepal,2005,4646,132,False
123456780,Kirlosker Service Center,99993,s2-supercomputer,Costa Rica,2007,7469,118,True
123456771,Will LLC,99980,s10-supercomputer,Turkey,2019,6135,654,False
123456777,Loolo INC,99982,s6-supercomputer,Oman,1990,1288,235,True
123456785,My SQ Man,99994,s1-supercomputer,Lithuania,2002,9153,110,False
123456772,Kirlosker Service Center,99989,s6-supercomputer,Singapore,1985,1193,620,True
123456781,Super Sexy Dingo,99996,s7-supercomputer,Qatar,1979,7091,584,False
123456786,GitHub,99994,s3-supercomputer,Congo,1981,5187,20,False
123456783,GitHub,99989,s8-supercomputer,Bhutan,2010,9158,215,True
123456784,SAS Web Tec,99998,s9-supercomputer,Libyan Arab Jamahiriya,1991,2003,574,True
123456779,GitHub,99989,s4-supercomputer,Grenada,1980,8720,450,False
123456782,SAS Web Tec,99997,s10-supercomputer,United Arab Emirates,2008,6514,338,True
123456777,Gen Power,99983,s4-supercomputer,Mauritius,1979,4855,263,False
123456778,Pryianka Ji,99986,s2-supercomputer,Cyprus,2000,2004,687,False
123456778,Pryianka Ji,99983,s9-supercomputer,Reunion,2002,7679,588,True
123456778,Kirlosker Service Center,99983,s1-supercomputer,Korea,2016,6857,674,True
123456773,Gen Power,99985,s7-supercomputer,China,1983,3633,90,False
123456783,SAS Web Tec,99987,s2-supercomputer,Bolivia,2014,8207,523,True
123456774,Will LLC,99995,s10-supercomputer,Moldova,2001,4491,124,True
123456785,Kirlosker Service Center,99986,s9-supercomputer,Martinique,1975,3919,334,False
123456771,Name IT,99996,s6-supercomputer,Wallis and Futuna,1996,3637,307,False
123456779,Loolo INC,99993,s7-supercomputer,Saint Helena,1988,5359,636,True
123456775,Pryianka Ji,99989,s7-supercomputer,Lebanon,1987,2725,389,True
123456776,Will LLC,99985,s4-supercomputer,Armenia,1980,3407,676,True
123456789,GitHub,99987,s1-supercomputer,Tuvalu,1990,9028,55,False
123456774,Gen Power,99981,s5-supercomputer,Andorra,2006,7412,176,False
123456782,Kirlosker Service Center,99981,s3-supercomputer,Oman,1986,5394,314,False
123456776,GitHub,99999,s3-supercomputer,American Samoa,1970,5627,618,True
123456770,Super Sexy Dingo,99997,s11-supercomputer,Poland,1991,9299,202,False
123456779,ABC Dogma,99991,s2-supercomputer,Albania,2008,6226,414,True
123456779,My SQ Man,99995,s6-supercomputer,Azerbaijan,1970,2690,582,False
123456773,ABC Dogma,99980,s6-supercomputer,Jordan,2005,2750,517,False
123456776,Pryianka Ji,99980,s3-supercomputer,Mozambique,1983,6690,458,False
123456780,Kirlosker Service Center,99980,s1-supercomputer,Comoros,1980,4960,595,False
123456774,Kulas Inc,99996,s7-supercomputer,Cuba,1987,3779,387,True
123456780,Gen Power,99993,s10-supercomputer,China,2019,5365,451,True
123456786,Kulas Inc,99989,s2-supercomputer,Cuba,2014,4614,445,True
123456776,GitHub,99991,s1-supercomputer,South Africa,1993,7020,318,False
123456786,Super Sexy Dingo,99996,s11-supercomputer,Australia,1974,1968,350,True
123456785,Loolo INC,99989,s4-supercomputer,Kiribati,1992,3240,362,True
123456770,Kirlosker Service Center,99982,s1-supercomputer,Albania,2012,7067,632,True
123456777,SAS Web Tec,99983,s7-supercomputer,Libyan Arab Jamahiriya,1973,9366,365,True
123456785,Name IT,99991,s7-supercomputer,Cook Islands,2016,8716,16,True
123456773,ABC Dogma,99995,s1-supercomputer,Gambia,1974,285,380,False
123456780,Gen Power,99995,s5-supercomputer,United States Minor Outlying Islands,1982,275,380,False
123456774,SAS Web Tec,99980,s2-supercomputer,Czech Republic,2015,9731,652,False
123456786,Loolo INC,99985,s3-supercomputer,Peru,2008,8903,51,True
123456778,Name IT,99993,s10-supercomputer,Papua New Guinea,2011,8172,380,False
123456771,ABC Dogma,99982,s9-supercomputer,Guam,1971,9970,515,False
123456786,Pryianka Ji,99991,s11-supercomputer,Iran,1971,150,271,False
123456774,Gen Power,99996,s2-supercomputer,Christmas Island,2004,2839,447,True
123456786,SAS Web Tec,99990,s1-supercomputer,Micronesia,2018,520,298,False
123456785,Gen Power,99997,s5-supercomputer,Zambia,1994,5064,369,True
123456775,Gen Power,99996,s7-supercomputer,Egypt,1994,9963,228,True
123456789,Gen Power,99991,s9-supercomputer,Azerbaijan,2008,4717,57,True
123456779,GitHub,99991,s10-supercomputer,Lebanon,1972,5896,184,True
123456785,ABC Dogma,99996,s9-supercomputer,Egypt,2001,9472,618,False
123456783,Kulas Inc,99993,s2-supercomputer,Tokelau,2001,6912,570,True
123456775,Kirlosker Service Center,99992,s2-supercomputer,Singapore,2016,9307,247,False
123456774,GitHub,99986,s11-supercomputer,Guinea,1970,4718,483,True
123456786,SAS Web Tec,99985,s5-supercomputer,Tunisia,1976,3902,379,True
123456781,Super Sexy Dingo,99987,s7-supercomputer,United States Virgin Islands,1985,1609,525,False
123456770,Loolo INC,99986,s8-supercomputer,Svalbard & Jan Mayen Islands,2009,6704,317,False
123456773,ABC Dogma,99986,s1-supercomputer,Pitcairn Islands,2001,5396,148,False
123456786,SAS Web Tec,99995,s7-supercomputer,Ecuador,1993,8562,193,False
123456785,Kirlosker Service Center,99997,s9-supercomputer,Cote d'Ivoire,1984,1880,269,False
123456770,GitHub,99991,s3-supercomputer,Sao Tome and Principe,1998,3523,297,False
123456783,Will LLC,99983,s6-supercomputer,Korea,1986,9786,626,True
123456784,ABC Dogma,99990,s4-supercomputer,Guinea-Bissau,1977,8177,579,True
123456785,ABC Dogma,99990,s2-supercomputer,Rwanda,1979,3261,120,True
123456787,Kulas Inc,99998,s9-supercomputer,Tokelau,2005,3057,609,False
123456772,GitHub,99997,s8-supercomputer,Honduras,1991,7848,699,False
123456770,ABC Dogma,99995,s7-supercomputer,Andorra,1981,8299,421,True
123456776,Kulas Inc,99996,s6-supercomputer,Micronesia,2011,9082,543,True
123456775,Kirlosker Service Center,99999,s6-supercomputer,Ghana,1970,1399,648,True
123456789,GitHub,99983,s7-supercomputer,Italy,2000,5793,230,True
123456788,Will LLC,99995,s7-supercomputer,Sao Tome and Principe,1978,3744,560,True
123456771,Will LLC,99999,s6-supercomputer,Niue,2019,5644,113,True
123456777,Loolo INC,99987,s8-supercomputer,Burkina Faso,2017,7467,51,True
123456779,Kirlosker Service Center,99991,s5-supercomputer,Panama,1997,5162,429,False
123456788,GitHub,99986,s2-supercomputer,Kyrgyz Republic,2004,2067,651,False
123456783,Kulas Inc,99981,s1-supercomputer,Tajikistan,2003,2862,637,False
123456775,Loolo INC,99982,s7-supercomputer,Macedonia,1991,2208,74,False
123456777,Kulas Inc,99992,s8-supercomputer,Northern Mariana Islands,2018,5155,409,True
123456788,Super Sexy Dingo,99997,s4-supercomputer,Zimbabwe,2006,5060,173,False
123456781,Name IT,99982,s4-supercomputer,Korea,2009,7388,296,False
123456778,Name IT,99989,s11-supercomputer,French Southern Territories,1997,9568,555,True
123456778,Gen Power,99980,s2-supercomputer,El Salvador,1971,1904,469,False
123456783,Kirlosker Service Center,99987,s5-supercomputer,Togo,1977,927,239,True
123456779,My SQ Man,99986,s11-supercomputer,Hungary,2007,4802,56,True
123456788,Name IT,99980,s8-supercomputer,Afghanistan,2005,3150,421,False
123456784,ABC Dogma,99987,s9-supercomputer,Iceland,2013,8534,337,True
123456773,GitHub,99998,s4-supercomputer,Rwanda,1970,3250,367,False
123456776,ABC Dogma,99985,s4-supercomputer,Kazakhstan,2018,8954,199,False
123456782,Loolo INC,99999,s10-supercomputer,Hungary,1991,457,317,True
123456777,Kirlosker Service Center,99999,s5-supercomputer,Reunion,1996,3065,190,True
123456779,Gen Power,99996,s11-supercomputer,Myanmar,2007,4575,400,True
123456788,Will LLC,99981,s7-supercomputer,Puerto Rico,1995,5125,304,False
123456776,Will LLC,99987,s10-supercomputer,Maldives,1977,8781,114,True
123456780,Loolo INC,99993,s11-supercomputer,Oman,1986,5557,375,True
123456782,SAS Web Tec,99997,s7-supercomputer,Monaco,2012,5731,556,True
123456775,Will LLC,99990,s9-supercomputer,Eritrea,2007,8433,230,False
123456780,Kirlosker Service Center,99980,s11-supercomputer,Suriname,1984,9949,250,True
123456776,Name IT,99982,s9-supercomputer,Guadeloupe,2009,6279,503,True
123456774,SAS Web Tec,99989,s8-supercomputer,Israel,2008,14,165,False
123456775,Loolo INC,99997,s8-supercomputer,Guyana,2018,5940,65,True
123456772,ABC Dogma,99981,s3-supercomputer,Mozambique,1974,3594,274,True
123456775,ABC Dogma,99980,s6-supercomputer,Qatar,2013,5801,539,True
123456786,Will LLC,99987,s2-supercomputer,Mauritania,2013,9144,32,True
123456773,Super Sexy Dingo,99994,s2-supercomputer,Svalbard & Jan Mayen Islands,1979,9640,289,True
123456785,Name IT,99994,s6-supercomputer,Cameroon,1977,6864,231,False
123456777,ABC Dogma,99980,s4-supercomputer,Egypt,1970,1138,560,False
123456778,SAS Web Tec,99985,s11-supercomputer,Montenegro,1999,207,548,False
123456772,Name IT,99981,s3-supercomputer,Canada,1992,7642,431,False
123456778,Loolo INC,99996,s8-supercomputer,New Caledonia,1986,2981,604,True
123456788,Pryianka Ji,99997,s9-supercomputer,Algeria,2016,691,59,True
123456785,Loolo INC,99987,s5-supercomputer,Gibraltar,1994,3089,307,True
123456784,Will LLC,99990,s1-supercomputer,Croatia,2019,9452,524,False
123456789,SAS Web Tec,99993,s2-supercomputer,Armenia,1993,3808,393,False
123456785,Kirlosker Service Center,99992,s10-supercomputer,Uganda,1992,7378,479,False
123456775,SAS Web Tec,99985,s6-supercomputer,Nigeria,2010,7844,268,False
123456779,Will LLC,99998,s3-supercomputer,Bermuda,1982,1563,530,True
123456788,Will LLC,99997,s4-supercomputer,Haiti,2006,9799,295,True
123456789,Kulas Inc,99996,s2-supercomputer,New Caledonia,2004,673,141,True
123456778,ABC Dogma,99989,s11-supercomputer,Lesotho,1989,3572,251,False
123456782,Kulas Inc,99985,s8-supercomputer,Spain,2008,554,666,False
123456786,ABC Dogma,99985,s11-supercomputer,Finland,2016,3736,569,False
123456784,Name IT,99997,s11-supercomputer,Norfolk Island,1984,5074,483,True
123456779,Name IT,99987,s1-supercomputer,Greece,1998,5122,130,False
123456779,SAS Web Tec,99982,s4-supercomputer,Bermuda,2016,292,389,False
123456788,ABC Dogma,99981,s6-supercomputer,Sao Tome and Principe,2000,1088,592,True
123456779,Kulas Inc,99985,s3-supercomputer,Finland,1978,3149,211,True
123456771,Pryianka Ji,99982,s6-supercomputer,Singapore,2006,5605,16,False
123456774,ABC Dogma,99997,s5-supercomputer,Lao People's Democratic Republic,1973,6223,636,True
123456784,Pryianka Ji,99986,s1-supercomputer,Canada,2012,5359,419,True
123456779,Kulas Inc,99983,s6-supercomputer,Isle of Man,1977,6717,134,True
123456770,Pryianka Ji,99989,s1-supercomputer,Moldova,2003,1517,71,True
123456780,Gen Power,99999,s7-supercomputer,Gabon,1999,2013,571,False
123456789,ABC Dogma,99985,s9-supercomputer,United Kingdom,1999,6776,202,True
123456777,Loolo INC,99991,s9-supercomputer,Guyana,1980,5339,195,True
123456779,My SQ Man,99995,s9-supercomputer,Palau,1995,8076,372,False
123456778,My SQ Man,99982,s1-supercomputer,Aruba,2003,1390,433,True
123456787,Name IT,99993,s7-supercomputer,Tajikistan,2017,9927,439,True
123456789,ABC Dogma,99997,s7-supercomputer,Denmark,2007,8244,164,True
123456775,GitHub,99983,s6-supercomputer,Tajikistan,1980,3801,363,False
123456775,Loolo INC,99998,s6-supercomputer,Benin,1988,7178,44,True
123456787,Super Sexy Dingo,99985,s9-supercomputer,Congo,2010,714,66,False
123456785,ABC Dogma,99982,s7-supercomputer,Luxembourg,2015,4034,376,True
123456784,SAS Web Tec,99981,s9-supercomputer,Bosnia and Herzegovina,1978,1371,224,False
123456780,Kulas Inc,99999,s7-supercomputer,Marshall Islands,2000,7448,557,False
123456789,Pryianka Ji,99987,s9-supercomputer,Argentina,1983,6276,320,True
123456785,Kirlosker Service Center,99995,s10-supercomputer,Greenland,1975,7536,695,False
123456776,Name IT,99982,s5-supercomputer,Christmas Island,1999,4584,149,True
123456772,Kirlosker Service Center,99992,s1-supercomputer,Angola,1973,1631,231,True
123456774,Loolo INC,99994,s3-supercomputer,Macao,1984,5083,204,True
123456773,SAS Web Tec,99998,s10-supercomputer,Azerbaijan,1993,9214,162,True
123456783,SAS Web Tec,99995,s9-supercomputer,Nepal,1998,266,375,True
123456785,My SQ Man,99992,s1-supercomputer,Madagascar,1993,6544,25,True
123456785,Will LLC,99990,s11-supercomputer,Ethiopia,2009,8688,292,True
123456786,Super Sexy Dingo,99991,s4-supercomputer,Malawi,1994,6014,500,True
123456774,Super Sexy Dingo,99995,s7-supercomputer,Grenada,1997,2144,213,True
123456775,Kulas Inc,99986,s5-supercomputer,Cook Islands,2017,5684,561,True
123456776,ABC Dogma,99995,s7-supercomputer,Reunion,1990,9507,611,True
123456780,Kirlosker Service Center,99986,s5-supercomputer,British Indian Ocean Territory (Chagos Archipelago),2017,4599,74,True
123456774,Loolo INC,99999,s1-supercomputer,French Guiana,2000,8657,375,False
123456782,My SQ Man,99996,s3-supercomputer,Netherlands,2011,1654,686,False
123456781,Super Sexy Dingo,99990,s10-supercomputer,Ecuador,1986,7519,504,True
123456780,Loolo INC,99985,s8-supercomputer,Guatemala,1992,1080,106,True
123456773,My SQ Man,99983,s3-supercomputer,Mexico,1976,9646,260,True
123456780,ABC Dogma,99998,s7-supercomputer,Brazil,1984,1115,645,False
123456774,Super Sexy Dingo,99980,s10-supercomputer,Barbados,1981,1350,471,False
123456771,Gen Power,99982,s7-supercomputer,Hong Kong,1984,8504,240,True
123456786,Name IT,99991,s5-supercomputer,Cameroon,1979,5565,180,False
123456776,Gen Power,99991,s8-supercomputer,British Indian Ocean Territory (Chagos Archipelago),1994,2280,567,False
123456771,Will LLC,99997,s1-supercomputer,Mongolia,1984,7501,449,False
123456775,ABC Dogma,99995,s6-supercomputer,Myanmar,2006,7600,80,False
123456773,Pryianka Ji,99983,s7-supercomputer,Croatia,1987,7697,323,False
123456770,Name IT,99996,s9-supercomputer,Holy See (Vatican City State),1994,396,131,False
123456777,GitHub,99990,s2-supercomputer,Canada,2015,7436,144,True
123456783,Name IT,99985,s5-supercomputer,Libyan Arab Jamahiriya,2008,8591,338,True
123456779,My SQ Man,99994,s5-supercomputer,Cote d'Ivoire,1990,7907,179,False
123456772,ABC Dogma,99995,s1-supercomputer,Denmark,1980,1781,499,True
123456788,Kirlosker Service Center,99995,s4-supercomputer,Rwanda,2013,9750,327,True
123456779,Pryianka Ji,99983,s2-supercomputer,Maldives,2017,8307,450,False
123456778,My SQ Man,99985,s6-supercomputer,Falkland Islands (Malvinas),2016,8336,464,False
123456788,SAS Web Tec,99998,s3-supercomputer,Sierra Leone,1991,2002,327,True
123456773,Super Sexy Dingo,99986,s3-supercomputer,Cook Islands,2013,6675,674,False
123456777,Name IT,99985,s5-supercomputer,Dominica,1999,5063,41,True
123456771,Super Sexy Dingo,99982,s2-supercomputer,Bosnia and Herzegovina,2013,6958,324,True
123456786,Kirlosker Service Center,99982,s7-supercomputer,Somalia,1971,3048,287,True
123456777,Will LLC,99983,s10-supercomputer,Netherlands,1977,1491,475,True
123456789,Name IT,99997,s9-supercomputer,Belgium,1980,3949,548,True
123456783,Name IT,99995,s9-supercomputer,American Samoa,1989,2509,425,True
123456777,Gen Power,99985,s5-supercomputer,Andorra,2013,3884,636,True
123456777,GitHub,99982,s11-supercomputer,Belize,2003,7332,354,True
123456772,Name IT,99986,s10-supercomputer,Saint Vincent and the Grenadines,1989,6840,296,True
123456781,ABC Dogma,99991,s5-supercomputer,Bolivia,1974,642,620,True
123456781,Name IT,99985,s1-supercomputer,British Virgin Islands,1979,8057,31,False
123456786,Kirlosker Service Center,99993,s6-supercomputer,Guadeloupe,1990,5780,540,True
123456780,Kulas Inc,99981,s1-supercomputer,Syrian Arab Republic,1988,9117,326,True
123456784,ABC Dogma,99990,s3-supercomputer,Saint Martin,1991,9255,422,True
123456776,Will LLC,99986,s3-supercomputer,Cuba,1982,2963,449,True
123456787,Pryianka Ji,99991,s3-supercomputer,Cook Islands,2008,9083,337,False
123456772,Kulas Inc,99996,s5-supercomputer,Korea,2001,6370,382,True
123456772,Name IT,99987,s1-supercomputer,Bolivia,1987,153,519,False
123456777,Will LLC,99995,s5-supercomputer,Montserrat,1974,1554,192,True
123456771,Will LLC,99992,s10-supercomputer,Sao Tome and Principe,1996,2858,603,True
123456780,Will LLC,99995,s6-supercomputer,Korea,2011,8718,633,True
123456770,Will LLC,99982,s9-supercomputer,Czech Republic,2019,1705,121,False
123456782,Gen Power,99994,s3-supercomputer,Slovenia,2007,3673,435,False
123456770,Pryianka Ji,99983,s5-supercomputer,Venezuela,2014,8923,162,False
123456778,Super Sexy Dingo,99994,s9-supercomputer,Spain,2008,4733,182,True
123456771,ABC Dogma,99985,s3-supercomputer,Solomon Islands,2007,5348,427,True
123456781,My SQ Man,99981,s5-supercomputer,Cayman Islands,1984,8125,160,False
123456771,SAS Web Tec,99980,s5-supercomputer,Egypt,1995,2526,197,False
123456781,GitHub,99994,s8-supercomputer,Cote d'Ivoire,1998,6947,22,False
123456771,Gen Power,99980,s10-supercomputer,Nicaragua,1990,7232,363,True
123456788,Kirlosker Service Center,99981,s8-supercomputer,Ethiopia,1978,5004,197,False
123456786,Kirlosker Service Center,99982,s7-supercomputer,Malta,2016,5085,288,False
123456787,Super Sexy Dingo,99990,s11-supercomputer,Guinea,1981,9797,312,False
123456784,Super Sexy Dingo,99983,s1-supercomputer,Latvia,2008,7076,115,True
123456776,Loolo INC,99995,s9-supercomputer,Afghanistan,2008,3243,684,True
123456774,Gen Power,99999,s8-supercomputer,Trinidad and Tobago,2013,9560,109,True
123456782,Pryianka Ji,99983,s8-supercomputer,Slovenia,1978,3125,304,False
123456777,ABC Dogma,99994,s5-supercomputer,Lebanon,1980,5191,613,False
123456770,Name IT,99980,s10-supercomputer,Kenya,2015,1633,308,True
123456772,My SQ Man,99990,s10-supercomputer,Latvia,2013,7505,197,False
123456783,Will LLC,99989,s9-supercomputer,Colombia,1973,5544,20,True
123456774,GitHub,99997,s3-supercomputer,Indonesia,2001,5062,541,False
123456788,Kirlosker Service Center,99981,s7-supercomputer,Saint Lucia,2008,2389,357,False
123456784,Kulas Inc,99990,s9-supercomputer,Montserrat,2006,5302,365,False
123456789,Kirlosker Service Center,99980,s11-supercomputer,Guam,2018,9154,640,True
123456777,Loolo INC,99996,s7-supercomputer,New Zealand,1991,654,574,False
123456787,SAS Web Tec,99995,s11-supercomputer,Denmark,1974,7460,27,True
123456779,GitHub,99991,s7-supercomputer,Tokelau,1974,2176,132,True
123456772,SAS Web Tec,99996,s4-supercomputer,Serbia,1987,8042,391,False
123456771,Super Sexy Dingo,99990,s1-supercomputer,Cyprus,1983,453,594,True
123456778,Super Sexy Dingo,99983,s2-supercomputer,Yemen,2018,6665,274,True
123456777,Super Sexy Dingo,99993,s5-supercomputer,Qatar,2004,9402,307,True
123456773,ABC Dogma,99998,s2-supercomputer,Lithuania,2017,5776,488,True
123456771,Gen Power,99996,s10-supercomputer,Saint Helena,1979,7101,188,True
123456780,Loolo INC,99985,s9-supercomputer,Chad,1988,2410,699,True
123456786,Will LLC,99983,s11-supercomputer,Palestinian Territory,1975,9324,246,True
123456779,SAS Web Tec,99990,s10-supercomputer,Argentina,1972,7829,507,True
123456779,My SQ Man,99994,s7-supercomputer,Northern Mariana Islands,2003,2415,437,False
123456772,Loolo INC,99991,s9-supercomputer,Spain,1979,3176,675,True
123456788,Will LLC,99980,s4-supercomputer,Ireland,2005,6135,285,True
123456775,My SQ Man,99992,s7-supercomputer,Western Sahara,1999,5776,244,True
123456772,Kirlosker Service Center,99999,s1-supercomputer,Luxembourg,1981,4151,587,False
123456783,GitHub,99981,s7-supercomputer,Hong Kong,2018,2251,174,True
123456785,My SQ Man,99995,s10-supercomputer,Afghanistan,1971,433,161,True
123456788,Pryianka Ji,99993,s3-supercomputer,Luxembourg,2013,6086,362,True
123456778,SAS Web Tec,99996,s9-supercomputer,Saint Pierre and Miquelon,2009,6666,251,False
123456780,Loolo INC,99997,s11-supercomputer,Liberia,2016,3041,180,False
123456784,Name IT,99993,s9-supercomputer,Jamaica,1996,9293,643,True
123456772,SAS Web Tec,99996,s2-supercomputer,Heard Island and McDonald Islands,2005,5003,432,False
123456782,Pryianka Ji,99993,s3-supercomputer,Hungary,1985,4835,607,True
123456770,Kulas Inc,99980,s9-supercomputer,Pakistan,2007,2353,37,False
123456770,Gen Power,99994,s4-supercomputer,Puerto Rico,1974,6550,262,True
123456772,My SQ Man,99996,s4-supercomputer,Malawi,2013,4079,355,True
123456789,Pryianka Ji,99986,s4-supercomputer,Tajikistan,1980,334,282,True
123456789,ABC Dogma,99993,s5-supercomputer,United Arab Emirates,1993,314,488,True
123456773,Pryianka Ji,99997,s3-supercomputer,Comoros,1999,410,289,True
123456771,Name IT,99983,s1-supercomputer,Niger,2012,2825,531,False
123456789,Kirlosker Service Center,99990,s3-supercomputer,Pakistan,1992,7969,82,True
123456772,Name IT,99992,s9-supercomputer,British Indian Ocean Territory (Chagos Archipelago),1999,6434,263,False
123456782,Pryianka Ji,99999,s1-supercomputer,Zambia,2013,7585,683,False
123456775,GitHub,99981,s1-supercomputer,Mauritius,1998,6491,266,True
123456773,Will LLC,99986,s1-supercomputer,Syrian Arab Republic,1970,8520,499,False
123456779,Super Sexy Dingo,99990,s5-supercomputer,El Salvador,1974,6940,561,False
123456786,GitHub,99995,s1-supercomputer,Solomon Islands,2019,9165,199,True
123456780,ABC Dogma,99991,s3-supercomputer,Grenada,2012,5607,90,False
123456787,Name IT,99986,s1-supercomputer,Sierra Leone,1975,1525,346,True
123456788,Gen Power,99996,s11-supercomputer,Hong Kong,1995,8315,26,False
123456774,GitHub,99996,s6-supercomputer,China,1981,405,660,False
123456775,Loolo INC,99986,s8-supercomputer,Falkland Islands (Malvinas),1986,1737,496,False
123456788,SAS Web Tec,99998,s10-supercomputer,Palau,1997,9092,499,True
123456773,ABC Dogma,99980,s11-supercomputer,Latvia,1987,8528,57,True
123456782,Pryianka Ji,99982,s1-supercomputer,Guyana,2009,9509,635,False
123456786,Pryianka Ji,99981,s1-supercomputer,Andorra,2012,9739,183,True
123456778,Kulas Inc,99987,s10-supercomputer,Cayman Islands,2017,1727,406,False
123456789,Kulas Inc,99997,s7-supercomputer,Mozambique,2003,611,86,True
123456783,GitHub,99989,s3-supercomputer,Korea,1999,488,638,False
123456781,Loolo INC,99982,s7-supercomputer,Gibraltar,2015,5956,75,True
123456777,ABC Dogma,99985,s4-supercomputer,Marshall Islands,2008,8413,180,True
123456776,Gen Power,99982,s11-supercomputer,Egypt,2001,4209,23,True
123456775,Kirlosker Service Center,99985,s6-supercomputer,Brunei Darussalam,2009,3724,41,True
123456780,Gen Power,99999,s11-supercomputer,Serbia,1976,5686,675,True
123456789,My SQ Man,99992,s10-supercomputer,Latvia,1974,3435,530,False
123456786,ABC Dogma,99982,s7-supercomputer,Belgium,1990,5568,559,False
123456779,Kirlosker Service Center,99986,s1-supercomputer,Israel,2015,557,571,False
123456773,GitHub,99989,s1-supercomputer,Mozambique,2015,4367,664,True
123456781,Loolo INC,99998,s8-supercomputer,Kuwait,1989,6922,304,True
123456771,Kirlosker Service Center,99996,s6-supercomputer,Central African Republic,1999,4385,558,False
123456778,Kirlosker Service Center,99999,s4-supercomputer,Angola,1979,6611,598,True
123456786,ABC Dogma,99997,s10-supercomputer,Samoa,2018,3949,313,True
123456787,Loolo INC,99980,s1-supercomputer,Nicaragua,1973,4658,640,True
123456777,SAS Web Tec,99991,s2-supercomputer,Guatemala,1998,5263,639,True
123456785,Pryianka Ji,99985,s3-supercomputer,Egypt,1996,9035,88,False
123456778,Will LLC,99985,s11-supercomputer,Austria,1990,9844,695,True
123456788,SAS Web Tec,99993,s3-supercomputer,Qatar,2012,8630,315,True
123456771,Kirlosker Service Center,99985,s10-supercomputer,Georgia,1972,3646,253,True
123456772,Super Sexy Dingo,99981,s9-supercomputer,Gambia,1974,6875,173,True
123456785,Kirlosker Service Center,99999,s4-supercomputer,Cuba,2013,3473,601,True
123456778,SAS Web Tec,99990,s9-supercomputer,Paraguay,1980,6594,135,True
123456786,Will LLC,99991,s10-supercomputer,Djibouti,1974,8447,498,False
123456785,Loolo INC,99996,s1-supercomputer,Nigeria,1991,5404,377,True
123456780,Gen Power,99980,s9-supercomputer,Djibouti,1989,4657,564,True
123456781,Name IT,99989,s6-supercomputer,Austria,2007,3652,388,False
123456785,Name IT,99982,s4-supercomputer,Samoa,1999,2021,484,True
123456787,GitHub,99999,s5-supercomputer,Jordan,2006,3048,537,True
123456787,Kirlosker Service Center,99994,s7-supercomputer,Denmark,1988,4686,107,False
123456771,Kirlosker Service Center,99997,s1-supercomputer,United States Virgin Islands,2016,3058,652,False
123456788,Name IT,99985,s2-supercomputer,Russian Federation,2016,7707,181,False
123456786,ABC Dogma,99995,s5-supercomputer,Comoros,1984,2525,630,False
123456781,ABC Dogma,99999,s7-supercomputer,Seychelles,2005,5024,20,True
123456779,SAS Web Tec,99994,s8-supercomputer,Kiribati,1978,7507,251,False
123456778,SAS Web Tec,99982,s1-supercomputer,Guinea,2013,4050,550,False
123456775,Kulas Inc,99980,s6-supercomputer,Ecuador,1977,2065,700,False
123456784,ABC Dogma,99987,s4-supercomputer,Zimbabwe,1983,9592,290,True
123456774,Loolo INC,99982,s10-supercomputer,Romania,1996,3633,379,False
123456781,Will LLC,99985,s4-supercomputer,Madagascar,1991,1902,165,False
123456772,Gen Power,99998,s9-supercomputer,Turkey,2010,8701,25,False
123456780,ABC Dogma,99997,s5-supercomputer,Estonia,1992,5037,12,True
123456772,SAS Web Tec,99982,s1-supercomputer,Mauritania,1978,2368,486,True
123456774,Name IT,99991,s5-supercomputer,Bulgaria,1974,6019,283,True
123456778,My SQ Man,99982,s11-supercomputer,Philippines,1979,4779,277,True
123456783,Super Sexy Dingo,99994,s4-supercomputer,Kenya,2018,9087,684,False
123456781,Gen Power,99989,s2-supercomputer,Bolivia,1991,3132,412,False
123456771,Loolo INC,99986,s6-supercomputer,Albania,1972,9851,290,True
123456777,Super Sexy Dingo,99986,s6-supercomputer,Falkland Islands (Malvinas),1975,2236,458,True
123456789,Loolo INC,99980,s4-supercomputer,Bulgaria,1986,7285,174,True
123456778,My SQ Man,99991,s5-supercomputer,Cayman Islands,1993,1168,40,False
123456785,Loolo INC,99996,s4-supercomputer,Guinea,1976,6044,454,False
123456781,Gen Power,99980,s3-supercomputer,Liberia,1981,6694,129,False
123456786,Loolo INC,99986,s3-supercomputer,Luxembourg,1996,7464,329,True
123456777,Gen Power,99987,s3-supercomputer,Argentina,2009,1425,532,True
123456778,SAS Web Tec,99999,s10-supercomputer,Portugal,1974,3457,175,False
123456774,Kulas Inc,99999,s4-supercomputer,Norfolk Island,2008,3944,416,True
123456784,Kulas Inc,99986,s3-supercomputer,Syrian Arab Republic,2002,1935,75,True
123456774,Pryianka Ji,99995,s10-supercomputer,Dominican Republic,1983,6569,472,True
123456785,Pryianka Ji,99983,s1-supercomputer,Cameroon,1980,1987,199,True
123456781,GitHub,99993,s11-supercomputer,Russian Federation,1972,768,372,True
123456772,ABC Dogma,99993,s8-supercomputer,Dominica,1981,9322,464,True
123456776,My SQ Man,99986,s11-supercomputer,Anguilla,1973,8392,501,False
123456776,Super Sexy Dingo,99999,s9-supercomputer,Montserrat,2010,5552,101,False
123456784,Loolo INC,99985,s9-supercomputer,Italy,1992,8738,347,True
123456777,Kulas Inc,99991,s8-supercomputer,Liberia,2002,1173,390,False
123456775,SAS Web Tec,99980,s9-supercomputer,Kazakhstan,1978,2986,514,True
123456773,Super Sexy Dingo,99999,s10-supercomputer,Sierra Leone,2004,8192,527,False
123456784,GitHub,99995,s8-supercomputer,Isle of Man,1997,1856,439,False
123456772,SAS Web Tec,99996,s1-supercomputer,Sao Tome and Principe,1996,235,392,True
123456777,ABC Dogma,99999,s6-supercomputer,Argentina,1994,3686,643,True
123456782,Kulas Inc,99993,s11-supercomputer,Holy See (Vatican City State),1990,3852,437,True
123456782,My SQ Man,99996,s7-supercomputer,Botswana,2003,4694,235,True
123456786,Super Sexy Dingo,99982,s6-supercomputer,Saint Helena,1989,9410,97,True
123456776,Will LLC,99987,s5-supercomputer,Jordan,1977,5696,53,False
123456782,ABC Dogma,99986,s2-supercomputer,British Virgin Islands,2016,5873,54,False
123456789,SAS Web Tec,99992,s3-supercomputer,Bahrain,2007,5504,612,True
123456776,Kulas Inc,99985,s2-supercomputer,Sri Lanka,1983,7053,74,False
123456778,Kirlosker Service Center,99998,s9-supercomputer,Gambia,1989,5123,235,False
123456778,Loolo INC,99985,s8-supercomputer,Denmark,2003,3064,470,True
123456773,My SQ Man,99997,s1-supercomputer,Equatorial Guinea,1987,9305,195,True
123456788,Gen Power,99986,s4-supercomputer,Georgia,1974,8446,595,True
123456778,My SQ Man,99981,s5-supercomputer,Micronesia,2011,3439,401,True
123456773,Super Sexy Dingo,99986,s9-supercomputer,Peru,2008,1087,40,False
123456780,My SQ Man,99993,s4-supercomputer,Libyan Arab Jamahiriya,1981,2092,384,False
123456788,Gen Power,99994,s2-supercomputer,Israel,2014,4185,214,True
123456778,Pryianka Ji,99980,s10-supercomputer,Hong Kong,1998,5362,188,False
123456771,Super Sexy Dingo,99991,s4-supercomputer,Croatia,2001,6407,184,False
123456771,Will LLC,99994,s7-supercomputer,Sierra Leone,1991,4133,394,False
123456783,Will LLC,99997,s3-supercomputer,Western Sahara,2006,2317,83,True
123456773,ABC Dogma,99999,s9-supercomputer,Jamaica,1984,487,62,False
123456770,Loolo INC,99990,s9-supercomputer,Pitcairn Islands,2008,1000,119,True
123456770,ABC Dogma,99994,s3-supercomputer,Thailand,1998,5174,621,False
123456773,Name IT,99985,s3-supercomputer,Azerbaijan,2002,2616,144,False
123456770,Pryianka Ji,99996,s3-supercomputer,Macedonia,1981,2752,475,False
123456776,Name IT,99980,s8-supercomputer,Sao Tome and Principe,1992,4460,315,False
123456777,Loolo INC,99980,s6-supercomputer,Monaco,1971,9050,102,True
123456770,ABC Dogma,99981,s2-supercomputer,Cocos (Keeling) Islands,2017,6827,338,False
123456783,Kirlosker Service Center,99991,s10-supercomputer,Chile,2011,2944,239,False
123456771,Will LLC,99980,s3-supercomputer,Jersey,1977,1679,102,True
123456776,Name IT,99994,s8-supercomputer,Russian Federation,1988,6612,250,False
123456788,Gen Power,99985,s3-supercomputer,Austria,2006,3021,688,False
123456781,Name IT,99996,s8-supercomputer,Eritrea,2009,505,458,False
123456778,SAS Web Tec,99995,s11-supercomputer,Western Sahara,1991,7358,624,False
123456782,Name IT,99985,s3-supercomputer,Jordan,1992,7256,123,False
123456772,Name IT,99989,s3-supercomputer,Cambodia,2002,8606,380,False
123456788,GitHub,99995,s2-supercomputer,Uzbekistan,1986,7601,298,False
123456779,Will LLC,99998,s2-supercomputer,Swaziland,2005,8811,407,False
123456785,ABC Dogma,99981,s11-supercomputer,Cameroon,2017,9738,328,True
123456776,Super Sexy Dingo,99983,s7-supercomputer,Belize,1985,7685,77,True
123456788,Will LLC,99985,s1-supercomputer,Cyprus,2002,2477,342,True
123456774,My SQ Man,99987,s10-supercomputer,British Indian Ocean Territory (Chagos Archipelago),1982,8804,318,False
123456776,Super Sexy Dingo,99981,s7-supercomputer,Namibia,1997,5057,681,False
123456771,Will LLC,99985,s6-supercomputer,Serbia,1986,9246,276,False
123456783,Kirlosker Service Center,99999,s2-supercomputer,Swaziland,1991,5595,640,True
123456787,Will LLC,99993,s4-supercomputer,Ireland,1980,5429,89,True
123456779,GitHub,99987,s8-supercomputer,El Salvador,1989,5213,629,False
123456788,Gen Power,99996,s6-supercomputer,Congo,2006,62,59,False
123456789,ABC Dogma,99987,s7-supercomputer,Belarus,1984,6364,490,True
123456770,Name IT,99992,s6-supercomputer,Paraguay,2016,9644,268,True
123456785,Kulas Inc,99996,s6-supercomputer,San Marino,1982,2387,592,True
123456782,GitHub,99999,s3-supercomputer,Uzbekistan,1996,1070,18,True
123456770,Pryianka Ji,99994,s10-supercomputer,Solomon Islands,1990,4395,663,True
123456789,Name IT,99986,s3-supercomputer,Macedonia,2000,3942,550,True
123456787,Loolo INC,99993,s3-supercomputer,China,1993,1441,152,True
123456779,Gen Power,99982,s5-supercomputer,Christmas Island,1987,2259,372,False
123456783,Name IT,99998,s3-supercomputer,Lithuania,1976,7040,491,False
123456782,Loolo INC,99993,s9-supercomputer,Mauritius,2000,4594,100,False
123456786,Name IT,99991,s4-supercomputer,Gabon,2010,8184,483,False
123456771,ABC Dogma,99997,s3-supercomputer,Iceland,1990,5997,242,True
123456788,Pryianka Ji,99996,s8-supercomputer,Cape Verde,1982,5449,316,True
123456780,GitHub,99983,s11-supercomputer,Barbados,1981,8105,668,False
123456776,SAS Web Tec,99986,s6-supercomputer,Sweden,2013,7179,552,False
123456789,SAS Web Tec,99999,s3-supercomputer,Pakistan,1978,3099,308,True
123456774,Kirlosker Service Center,99997,s8-supercomputer,Peru,1993,5708,40,False
123456786,GitHub,99980,s2-supercomputer,India,1994,4246,32,True
123456782,Name IT,99992,s5-supercomputer,Holy See (Vatican City State),1991,7725,59,False
123456771,Will LLC,99985,s3-supercomputer,Nicaragua,2007,544,432,True
123456776,Gen Power,99987,s1-supercomputer,Mali,1988,6962,53,False
123456775,SAS Web Tec,99997,s8-supercomputer,Saint Lucia,1978,8722,73,False
123456773,GitHub,99999,s3-supercomputer,Colombia,1994,6832,570,True
123456773,Super Sexy Dingo,99996,s11-supercomputer,Guatemala,2018,9145,637,True
123456786,GitHub,99997,s1-supercomputer,Bahrain,2011,2105,652,True
123456782,Gen Power,99985,s9-supercomputer,Vanuatu,1989,4181,572,False
123456774,ABC Dogma,99987,s5-supercomputer,Malta,1994,1809,265,False
123456777,Super Sexy Dingo,99998,s9-supercomputer,Anguilla,1974,7959,605,False
123456788,Will LLC,99987,s8-supercomputer,Micronesia,1998,4180,17,True
123456782,Super Sexy Dingo,99998,s6-supercomputer,Chile,2010,4833,101,True
123456775,Kulas Inc,99992,s4-supercomputer,Bhutan,2008,8168,86,True
123456776,ABC Dogma,99990,s6-supercomputer,Saint Barthelemy,1977,4788,521,False
123456783,SAS Web Tec,99993,s3-supercomputer,Jersey,1979,618,566,True
123456780,My SQ Man,99994,s5-supercomputer,China,1981,8829,660,False
123456770,My SQ Man,99995,s4-supercomputer,Uzbekistan,1979,9804,271,False
123456772,Name IT,99982,s10-supercomputer,Belgium,1978,6756,632,False
123456770,My SQ Man,99980,s10-supercomputer,Canada,1993,4402,651,True
123456774,My SQ Man,99983,s7-supercomputer,Syrian Arab Republic,2015,6361,41,False
123456785,Loolo INC,99982,s3-supercomputer,Guadeloupe,1973,6248,603,True
123456770,My SQ Man,99993,s9-supercomputer,Congo,1984,2958,451,True
123456785,Name IT,99980,s7-supercomputer,Mayotte,2003,9044,397,True
123456772,Name IT,99989,s8-supercomputer,Argentina,1983,551,287,True
123456789,Kulas Inc,99990,s4-supercomputer,Bouvet Island (Bouvetoya),2015,8926,106,True
123456785,SAS Web Tec,99982,s7-supercomputer,Dominican Republic,1970,9844,427,True
123456783,GitHub,99982,s2-supercomputer,Albania,2015,5964,353,False
123456770,GitHub,99987,s8-supercomputer,Kenya,1988,3406,23,False
123456770,GitHub,99993,s8-supercomputer,Uzbekistan,1988,3016,338,True
123456785,Kulas Inc,99995,s11-supercomputer,Faroe Islands,2013,9906,65,False
123456786,My SQ Man,99980,s2-supercomputer,Spain,1986,6334,77,True
123456782,GitHub,99985,s11-supercomputer,Thailand,1988,1424,678,False
123456779,Pryianka Ji,99994,s4-supercomputer,Svalbard & Jan Mayen Islands,2012,7119,639,True
123456784,ABC Dogma,99996,s1-supercomputer,Saint Martin,1990,3995,676,True
123456785,Loolo INC,99985,s5-supercomputer,Pakistan,1975,9565,408,True
123456785,Will LLC,99992,s6-supercomputer,Uzbekistan,1998,3624,327,False
123456773,ABC Dogma,99983,s2-supercomputer,Saint Kitts and Nevis,1977,727,24,False
123456777,Will LLC,99991,s1-supercomputer,Puerto Rico,2018,292,596,True
123456778,Name IT,99994,s9-supercomputer,Fiji,1991,9271,58,True
123456773,My SQ Man,99995,s8-supercomputer,Sri Lanka,2011,3502,365,True
123456772,SAS Web Tec,99981,s3-supercomputer,Afghanistan,1991,2232,386,False
123456782,SAS Web Tec,99993,s6-supercomputer,Gabon,2014,6764,125,True
123456789,Name IT,99983,s7-supercomputer,Dominican Republic,1990,6358,14,True
123456777,Kirlosker Service Center,99981,s2-supercomputer,China,1987,5877,43,False
123456783,ABC Dogma,99990,s11-supercomputer,Eritrea,2009,5054,11,False
123456773,My SQ Man,99998,s5-supercomputer,Netherlands Antilles,1974,5362,121,False
123456774,ABC Dogma,99997,s2-supercomputer,Denmark,1985,4666,106,False
123456777,Name IT,99997,s6-supercomputer,South Africa,1995,5853,548,True
123456770,Kirlosker Service Center,99995,s1-supercomputer,Jordan,1975,1929,12,False
123456780,My SQ Man,99998,s9-supercomputer,Palestinian Territory,2013,2931,408,False
123456781,ABC Dogma,99987,s4-supercomputer,Nigeria,1991,8550,304,True
123456774,Gen Power,99992,s8-supercomputer,Trinidad and Tobago,1984,3133,50,False
123456782,ABC Dogma,99982,s10-supercomputer,Mongolia,1994,3111,488,False
123456779,My SQ Man,99998,s3-supercomputer,Albania,2000,2524,344,True
123456781,SAS Web Tec,99992,s6-supercomputer,Macao,1998,8530,73,True
123456787,Kulas Inc,99995,s5-supercomputer,American Samoa,1988,1469,202,False
123456773,GitHub,99991,s8-supercomputer,Iran,1983,1305,168,True
123456784,Gen Power,99992,s5-supercomputer,Aruba,1986,357,357,False
123456785,My SQ Man,99980,s11-supercomputer,El Salvador,2015,9670,224,False
123456779,My SQ Man,99985,s6-supercomputer,Jamaica,2003,376,106,True
123456774,Super Sexy Dingo,99995,s4-supercomputer,Ireland,1976,1399,251,False
123456772,Kirlosker Service Center,99981,s4-supercomputer,Antarctica (the territory South of 60 deg S),1970,7708,208,True
123456789,Pryianka Ji,99998,s1-supercomputer,Colombia,1979,3186,201,False
123456783,GitHub,99997,s11-supercomputer,Guinea-Bissau,2015,5655,121,True
123456782,Kulas Inc,99990,s8-supercomputer,French Polynesia,1973,1366,312,True
123456771,Name IT,99980,s3-supercomputer,Turkmenistan,1986,2494,486,False
123456778,My SQ Man,99985,s2-supercomputer,Guam,2016,9170,236,False
123456784,Super Sexy Dingo,99998,s1-supercomputer,Liberia,2001,6956,190,False
123456783,SAS Web Tec,99985,s1-supercomputer,Macedonia,1988,6905,178,False
123456782,My SQ Man,99985,s8-supercomputer,Liberia,2011,398,312,True
123456783,SAS Web Tec,99983,s8-supercomputer,Mexico,2007,518,154,True
123456788,Will LLC,99982,s10-supercomputer,Kenya,1971,9637,598,True
123456771,Pryianka Ji,99989,s5-supercomputer,Faroe Islands,1977,1685,614,True
123456770,Kulas Inc,99992,s8-supercomputer,Guatemala,2003,6986,668,True
123456786,Pryianka Ji,99985,s1-supercomputer,Turkey,2000,4842,599,False
123456779,My SQ Man,99980,s10-supercomputer,Cape Verde,2015,580,31,False
123456779,Gen Power,99986,s8-supercomputer,Turkey,1975,3974,360,False
123456785,Will LLC,99998,s7-supercomputer,Algeria,1982,4751,555,False
123456784,GitHub,99995,s11-supercomputer,Mayotte,2005,2794,401,False
123456788,Super Sexy Dingo,99985,s8-supercomputer,Uzbekistan,2000,2929,638,False
123456771,Pryianka Ji,99980,s4-supercomputer,Marshall Islands,2007,7660,237,True
123456784,Pryianka Ji,99993,s9-supercomputer,Niue,1979,9621,361,True
123456782,Will LLC,99981,s5-supercomputer,Ukraine,1976,7189,495,True
123456787,ABC Dogma,99999,s4-supercomputer,Ukraine,2008,5789,517,False
123456779,Kirlosker Service Center,99997,s5-supercomputer,Latvia,1999,1180,336,True
123456785,Super Sexy Dingo,99982,s7-supercomputer,Denmark,2017,1584,185,True
123456773,My SQ Man,99998,s1-supercomputer,Costa Rica,2014,8958,50,False
123456778,Gen Power,99993,s9-supercomputer,El Salvador,2012,3787,455,False
123456780,Super Sexy Dingo,99992,s10-supercomputer,British Virgin Islands,2019,5636,561,False
123456785,Will LLC,99983,s1-supercomputer,Ghana,2018,8323,252,True
123456772,Loolo INC,99991,s4-supercomputer,Germany,1981,9441,592,True
123456788,SAS Web Tec,99982,s1-supercomputer,French Southern Territories,1982,731,698,True
123456783,Loolo INC,99991,s7-supercomputer,Cook Islands,1986,7155,312,True
123456787,Kirlosker Service Center,99995,s1-supercomputer,Australia,1999,1788,151,True
123456784,SAS Web Tec,99996,s1-supercomputer,Maldives,1970,4255,119,True
123456788,GitHub,99989,s8-supercomputer,Niger,2014,8206,83,False
123456776,ABC Dogma,99981,s8-supercomputer,Hong Kong,1985,5704,631,True
123456773,Gen Power,99983,s6-supercomputer,Chile,1992,2486,525,True
123456773,Loolo INC,99982,s6-supercomputer,Comoros,2012,7924,371,False
123456784,Kirlosker Service Center,99980,s3-supercomputer,Northern Mariana Islands,2004,4889,80,False
123456787,My SQ Man,99998,s6-supercomputer,Libyan Arab Jamahiriya,1981,2464,237,True
123456775,Pryianka Ji,99983,s1-supercomputer,Cocos (Keeling) Islands,2012,7906,129,False
123456780,Will LLC,99993,s5-supercomputer,Nicaragua,2000,2886,451,False
123456783,Loolo INC,99980,s10-supercomputer,Oman,2008,8682,410,False
123456777,Gen Power,99985,s9-supercomputer,Slovakia (Slovak Republic),2010,7280,69,False
123456780,Super Sexy Dingo,99998,s6-supercomputer,Northern Mariana Islands,1994,3739,421,True
123456789,Will LLC,99982,s9-supercomputer,Serbia,1975,1154,584,True
123456779,Pryianka Ji,99989,s10-supercomputer,Venezuela,2002,1120,594,True
123456783,Will LLC,99980,s6-supercomputer,Niger,1980,6678,359,False
123456771,Gen Power,99992,s4-supercomputer,Portugal,1999,1140,508,True
123456782,Gen Power,99985,s5-supercomputer,Honduras,2019,1889,557,True
123456775,Will LLC,99985,s6-supercomputer,Martinique,1970,1333,58,True
123456781,GitHub,99986,s1-supercomputer,Tunisia,1993,9147,127,True
123456788,Kirlosker Service Center,99985,s7-supercomputer,Maldives,1984,4659,505,True
123456779,Super Sexy Dingo,99987,s7-supercomputer,Macao,1985,8104,95,False
123456772,Kirlosker Service Center,99993,s9-supercomputer,Suriname,1999,2470,564,False
123456772,GitHub,99998,s6-supercomputer,Congo,2013,2821,455,True
123456774,Pryianka Ji,99983,s4-supercomputer,Saint Vincent and the Grenadines,1984,8677,227,True
123456788,Name IT,99983,s9-supercomputer,Luxembourg,2001,3382,351,True
123456777,Gen Power,99982,s8-supercomputer,Solomon Islands,1993,9835,114,False
123456782,Kirlosker Service Center,99980,s10-supercomputer,Belize,2017,7509,363,False
123456785,SAS Web Tec,99983,s9-supercomputer,Lesotho,2016,8637,55,False
123456778,ABC Dogma,99995,s6-supercomputer,Djibouti,2011,7758,519,False
123456777,SAS Web Tec,99985,s1-supercomputer,Nicaragua,2011,7745,406,False
123456786,Will LLC,99980,s2-supercomputer,Suriname,2007,2057,39,False
123456771,SAS Web Tec,99989,s3-supercomputer,Jersey,2016,1848,294,False
123456773,Kirlosker Service Center,99999,s10-supercomputer,Trinidad and Tobago,1970,3040,414,True
123456779,Will LLC,99993,s5-supercomputer,Morocco,1987,4799,509,False
123456787,Super Sexy Dingo,99996,s9-supercomputer,Jersey,2017,4032,623,False
123456776,My SQ Man,99983,s5-supercomputer,Samoa,2006,1317,45,True
123456785,SAS Web Tec,99980,s2-supercomputer,Mauritania,1971,7646,291,False
123456788,Kulas Inc,99981,s8-supercomputer,Palestinian Territory,1979,3307,385,False
123456782,Loolo INC,99983,s4-supercomputer,Serbia,1990,8432,530,False
123456782,GitHub,99989,s5-supercomputer,Suriname,1996,5280,474,False
123456787,Loolo INC,99992,s7-supercomputer,Zambia,1995,8812,656,True
123456776,Loolo INC,99995,s11-supercomputer,Macao,1995,8790,57,False
123456776,Kirlosker Service Center,99995,s10-supercomputer,Nepal,1975,2529,88,False
123456780,Kulas Inc,99999,s7-supercomputer,Grenada,2016,7185,318,False
123456779,ABC Dogma,99998,s9-supercomputer,Mauritius,1988,8745,527,False
123456784,Kirlosker Service Center,99991,s9-supercomputer,Norway,1971,8452,60,False
123456772,GitHub,99994,s11-supercomputer,Benin,2003,9023,470,False
123456778,GitHub,99997,s4-supercomputer,Djibouti,2014,6862,655,True
123456770,Gen Power,99991,s7-supercomputer,Jamaica,1977,9561,557,False
123456784,Kulas Inc,99994,s9-supercomputer,Uzbekistan,1983,1139,212,True
123456780,ABC Dogma,99987,s1-supercomputer,Korea,1971,1648,29,True
123456780,Kulas Inc,99998,s3-supercomputer,Comoros,1984,7215,149,True
123456774,Name IT,99996,s10-supercomputer,Israel,2011,1130,140,False
123456773,Pryianka Ji,99983,s9-supercomputer,Philippines,2014,8063,695,False
123456773,Pryianka Ji,99985,s1-supercomputer,Guinea,1977,8591,144,True
123456786,GitHub,99985,s4-supercomputer,Bouvet Island (Bouvetoya),2006,1262,49,False
123456787,Loolo INC,99995,s4-supercomputer,Uzbekistan,1975,7625,657,False
123456779,Super Sexy Dingo,99982,s9-supercomputer,Bosnia and Herzegovina,1986,8770,594,True
123456776,Super Sexy Dingo,99980,s2-supercomputer,Christmas Island,1998,3234,14,True
123456784,Pryianka Ji,99983,s10-supercomputer,Paraguay,1994,5899,427,False
123456773,ABC Dogma,99986,s8-supercomputer,British Virgin Islands,1981,2836,119,False
123456781,Super Sexy Dingo,99986,s4-supercomputer,French Southern Territories,2000,2549,376,True
123456785,Pryianka Ji,99989,s7-supercomputer,Faroe Islands,2001,8518,280,True
123456772,Kirlosker Service Center,99991,s6-supercomputer,Czech Republic,1974,4721,453,True
123456779,SAS Web Tec,99999,s1-supercomputer,Cook Islands,1981,7162,594,True
123456775,Will LLC,99999,s9-supercomputer,Slovenia,1992,1398,186,True
123456778,Pryianka Ji,99998,s10-supercomputer,Eritrea,2005,6546,642,False
123456778,SAS Web Tec,99983,s9-supercomputer,Nigeria,1998,1342,313,False
123456782,Will LLC,99998,s1-supercomputer,Spain,1987,7284,412,True
123456784,Kulas Inc,99980,s1-supercomputer,Palau,1971,440,438,False
123456774,ABC Dogma,99995,s10-supercomputer,Martinique,1983,3037,204,False
123456780,GitHub,99985,s7-supercomputer,Nigeria,1981,1239,150,False
123456780,ABC Dogma,99995,s8-supercomputer,Cocos (Keeling) Islands,1983,6845,392,True
123456789,Gen Power,99999,s4-supercomputer,France,1997,4182,44,False
123456787,ABC Dogma,99982,s11-supercomputer,Slovenia,2004,2873,156,False
123456783,Loolo INC,99996,s2-supercomputer,Georgia,2009,3159,556,False
123456788,Gen Power,99983,s11-supercomputer,Bhutan,2009,7223,100,False
123456777,Gen Power,99999,s3-supercomputer,Barbados,1999,427,93,True
123456773,Kirlosker Service Center,99989,s9-supercomputer,Botswana,1977,2832,667,False
123456770,Kirlosker Service Center,99989,s1-supercomputer,Gambia,1992,5507,655,True
123456788,Pryianka Ji,99992,s11-supercomputer,Spain,2018,4431,98,True
123456775,Pryianka Ji,99998,s6-supercomputer,Guernsey,2008,8544,473,False
123456784,GitHub,99986,s2-supercomputer,Saint Kitts and Nevis,1982,5820,603,True
123456778,SAS Web Tec,99997,s11-supercomputer,Ghana,2009,662,651,False
123456782,Will LLC,99983,s1-supercomputer,Kazakhstan,1974,8218,310,False
123456773,My SQ Man,99991,s3-supercomputer,Nepal,1980,1997,159,True
123456771,Kirlosker Service Center,99998,s6-supercomputer,Denmark,2005,2857,587,True
123456783,ABC Dogma,99992,s4-supercomputer,Liechtenstein,1996,9778,361,True
123456788,Kulas Inc,99985,s11-supercomputer,Cocos (Keeling) Islands,1991,3115,198,False
123456778,Loolo INC,99999,s6-supercomputer,Burkina Faso,1999,2368,291,True
123456770,ABC Dogma,99993,s6-supercomputer,Kazakhstan,1972,6962,531,True
123456789,Super Sexy Dingo,99996,s4-supercomputer,Guinea-Bissau,2001,9523,225,True
123456773,SAS Web Tec,99998,s8-supercomputer,Cote d'Ivoire,1972,7390,240,True
123456773,Pryianka Ji,99996,s8-supercomputer,Netherlands,2007,2870,498,False
123456778,Will LLC,99995,s3-supercomputer,Australia,2008,8618,187,True
123456781,Super Sexy Dingo,99991,s3-supercomputer,Paraguay,2016,3355,283,True
123456770,My SQ Man,99997,s11-supercomputer,Bahrain,2012,792,34,False
123456784,Loolo INC,99980,s3-supercomputer,Jamaica,2018,5597,282,False
123456773,Gen Power,99980,s11-supercomputer,Afghanistan,1998,8401,214,True
123456772,Gen Power,99998,s9-supercomputer,Tunisia,2014,9842,358,False
123456787,Gen Power,99996,s3-supercomputer,Gambia,2010,1521,435,False
123456774,Kulas Inc,99996,s2-supercomputer,Moldova,1988,2195,677,False
123456776,Super Sexy Dingo,99980,s7-supercomputer,French Guiana,1995,1716,211,True
123456780,Loolo INC,99993,s8-supercomputer,Ethiopia,1972,8972,598,True
123456786,Name IT,99993,s3-supercomputer,Vietnam,1980,346,523,False
123456775,Name IT,99996,s1-supercomputer,Benin,1978,4408,497,False
123456785,GitHub,99985,s5-supercomputer,Turkmenistan,2012,6538,469,False
123456787,Gen Power,99982,s5-supercomputer,Macao,1972,8747,49,False
123456785,ABC Dogma,99983,s10-supercomputer,Puerto Rico,2004,2823,87,False
123456789,Super Sexy Dingo,99980,s9-supercomputer,Nepal,2004,6571,114,True
123456785,Kirlosker Service Center,99982,s1-supercomputer,Lebanon,2003,6901,174,False
123456784,Loolo INC,99995,s5-supercomputer,Liberia,1987,1598,103,False
123456775,Kulas Inc,99989,s11-supercomputer,Ukraine,1987,2958,370,True
123456773,My SQ Man,99996,s7-supercomputer,Aruba,1982,7725,620,False
123456779,Name IT,99980,s2-supercomputer,Dominican Republic,1982,8044,227,True
123456773,GitHub,99996,s1-supercomputer,Korea,1992,3695,35,False
123456786,ABC Dogma,99993,s9-supercomputer,Sweden,2018,7390,679,False
123456774,My SQ Man,99992,s4-supercomputer,Jamaica,1989,9043,641,False
123456789,SAS Web Tec,99999,s3-supercomputer,Mauritania,1998,4307,688,False
123456775,Will LLC,99982,s6-supercomputer,Andorra,1994,1674,266,True
123456775,SAS Web Tec,99993,s9-supercomputer,Macao,2015,7985,374,False
123456786,Kirlosker Service Center,99995,s1-supercomputer,Vanuatu,2006,618,491,False
123456783,Loolo INC,99985,s5-supercomputer,Algeria,2009,5577,178,True
123456775,SAS Web Tec,99991,s1-supercomputer,Christmas Island,2008,6718,265,False
123456785,My SQ Man,99995,s3-supercomputer,Iceland,2015,5401,488,False
123456771,My SQ Man,99991,s3-supercomputer,Tonga,2007,2343,371,False
123456785,Super Sexy Dingo,99997,s6-supercomputer,Lebanon,1971,4403,248,False
123456772,Will LLC,99995,s4-supercomputer,Lao People's Democratic Republic,1978,8017,17,False
123456775,Kirlosker Service Center,99990,s1-supercomputer,Malawi,2014,2828,197,True
123456778,Name IT,99993,s3-supercomputer,Slovenia,1998,1505,429,False
123456780,SAS Web Tec,99987,s11-supercomputer,Montserrat,2006,49,472,False
123456775,Kirlosker Service Center,99996,s3-supercomputer,France,1971,5360,315,True
123456788,My SQ Man,99985,s2-supercomputer,Netherlands Antilles,1996,5818,684,False
123456776,Will LLC,99994,s4-supercomputer,Norway,2018,3524,594,True
123456785,My SQ Man,99989,s2-supercomputer,Sao Tome and Principe,1978,1091,256,True
123456784,Name IT,99980,s4-supercomputer,Malawi,1988,733,237,True
123456781,Gen Power,99986,s9-supercomputer,Finland,1978,8879,271,True
123456780,Kulas Inc,99981,s1-supercomputer,United States of America,1981,3356,286,True
123456783,Loolo INC,99989,s3-supercomputer,Argentina,1989,6783,326,True
123456776,Will LLC,99982,s7-supercomputer,Solomon Islands,2019,746,502,True
123456777,Super Sexy Dingo,99996,s7-supercomputer,France,2004,93,644,False
123456778,Will LLC,99994,s9-supercomputer,Bosnia and Herzegovina,1977,671,684,True
123456775,ABC Dogma,99996,s2-supercomputer,Antigua and Barbuda,2000,3348,618,False
123456789,Pryianka Ji,99982,s6-supercomputer,Brazil,2002,6975,451,True
123456776,Name IT,99985,s2-supercomputer,Korea,1974,3053,286,False
123456774,Kirlosker Service Center,99991,s1-supercomputer,Slovakia (Slovak Republic),1994,5575,606,False
123456770,GitHub,99985,s8-supercomputer,Saint Barthelemy,1971,6490,246,False
123456776,Gen Power,99995,s9-supercomputer,Cook Islands,1981,3916,628,False
123456776,Pryianka Ji,99995,s3-supercomputer,Netherlands Antilles,1986,8151,579,False
123456778,Kirlosker Service Center,99985,s6-supercomputer,Turkmenistan,1993,2909,80,False
123456784,Loolo INC,99983,s6-supercomputer,Luxembourg,1995,4722,110,True
123456781,My SQ Man,99996,s2-supercomputer,Timor-Leste,2008,5824,578,False
123456782,Super Sexy Dingo,99981,s6-supercomputer,Saint Lucia,1988,6312,228,True
123456771,ABC Dogma,99990,s10-supercomputer,Belize,1983,7809,231,True
123456772,Super Sexy Dingo,99999,s7-supercomputer,French Guiana,2016,5122,217,True
123456770,Super Sexy Dingo,99983,s11-supercomputer,Brazil,2017,7663,59,True
123456774,Gen Power,99992,s1-supercomputer,Dominican Republic,2019,5084,228,True
123456771,Kirlosker Service Center,99997,s11-supercomputer,Cuba,1977,5446,110,True
123456774,Gen Power,99998,s7-supercomputer,Falkland Islands (Malvinas),2010,3055,25,False
123456772,Loolo INC,99992,s6-supercomputer,Senegal,1981,142,397,False
123456776,ABC Dogma,99995,s2-supercomputer,Macedonia,2003,3877,278,False
123456777,Gen Power,99982,s3-supercomputer,Tajikistan,1986,9818,424,True
123456789,Name IT,99980,s7-supercomputer,Nigeria,1996,2195,187,True
123456784,Kirlosker Service Center,99987,s2-supercomputer,Guinea,1974,8861,679,False
123456788,Pryianka Ji,99987,s6-supercomputer,Greece,2010,1642,198,True
123456780,Loolo INC,99981,s2-supercomputer,Cambodia,2005,9844,142,False
123456774,Super Sexy Dingo,99993,s11-supercomputer,Colombia,1992,4609,192,False
123456780,Loolo INC,99990,s8-supercomputer,Niue,2012,1934,158,False
123456778,Gen Power,99983,s11-supercomputer,Ethiopia,1986,6756,242,True
123456774,Kirlosker Service Center,99994,s2-supercomputer,Taiwan,1989,5402,102,True
123456780,Loolo INC,99980,s1-supercomputer,Antarctica (the territory South of 60 deg S),1983,6308,406,False
123456780,Pryianka Ji,99985,s10-supercomputer,Switzerland,2012,390,172,False
123456774,SAS Web Tec,99996,s10-supercomputer,Iraq,2007,6329,188,False
123456773,GitHub,99995,s3-supercomputer,Sierra Leone,1982,9402,242,False
123456773,Loolo INC,99983,s11-supercomputer,Iran,1986,912,39,True
123456789,Loolo INC,99981,s7-supercomputer,Georgia,2002,3056,618,False
123456777,Gen Power,99999,s11-supercomputer,Nauru,2013,7262,335,False
123456774,My SQ Man,99991,s1-supercomputer,Sri Lanka,1994,3803,399,False
123456785,Pryianka Ji,99996,s7-supercomputer,Honduras,2001,533,282,False
123456782,ABC Dogma,99985,s4-supercomputer,Mali,2013,2207,510,True
123456773,Will LLC,99985,s11-supercomputer,Serbia,1975,716,11,False
123456777,Pryianka Ji,99990,s6-supercomputer,Brazil,1987,1700,602,False
123456779,Super Sexy Dingo,99989,s3-supercomputer,Cayman Islands,2002,2406,664,False
123456775,Pryianka Ji,99985,s1-supercomputer,Georgia,2014,341,590,False
123456773,Pryianka Ji,99985,s9-supercomputer,Thailand,1997,7777,286,True
123456780,Super Sexy Dingo,99991,s7-supercomputer,Tuvalu,2018,1264,377,True
123456786,Super Sexy Dingo,99998,s4-supercomputer,United Arab Emirates,1976,8891,372,False
123456785,Name IT,99989,s8-supercomputer,Antigua and Barbuda,1979,6332,276,True
123456776,My SQ Man,99980,s10-supercomputer,Saint Vincent and the Grenadines,2010,5972,483,False
123456776,Loolo INC,99998,s5-supercomputer,Cambodia,2008,5464,211,True
123456786,Loolo INC,99986,s7-supercomputer,Mongolia,1983,2087,298,True
123456775,Kirlosker Service Center,99991,s9-supercomputer,Central African Republic,2003,3587,534,True
123456788,My SQ Man,99999,s11-supercomputer,Nicaragua,2010,296,258,False
123456775,GitHub,99999,s1-supercomputer,Tunisia,1989,4008,287,True
123456780,Gen Power,99982,s5-supercomputer,Cayman Islands,1977,1255,291,True
123456779,My SQ Man,99992,s2-supercomputer,Bosnia and Herzegovina,2006,2053,136,False
123456772,GitHub,99987,s2-supercomputer,Sweden,2000,8715,246,False
123456773,My SQ Man,99996,s8-supercomputer,French Polynesia,2013,2117,468,False
123456787,ABC Dogma,99983,s5-supercomputer,Samoa,2015,1466,561,True
123456780,SAS Web Tec,99981,s8-supercomputer,Kenya,2005,6368,539,True
123456785,Pryianka Ji,99999,s5-supercomputer,Kenya,1979,6937,120,False
123456774,Name IT,99982,s8-supercomputer,Norway,1997,3826,603,True
123456780,Kirlosker Service Center,99998,s5-supercomputer,Sri Lanka,1971,4598,509,True
123456779,My SQ Man,99985,s8-supercomputer,Peru,1995,2603,267,False
123456787,Pryianka Ji,99995,s10-supercomputer,Indonesia,2005,7976,75,False
123456776,Name IT,99995,s6-supercomputer,Austria,2004,6915,610,True
123456783,Will LLC,99990,s8-supercomputer,Peru,1970,2493,265,True
123456777,Kulas Inc,99998,s6-supercomputer,Ghana,1980,5673,334,True
123456771,Super Sexy Dingo,99989,s2-supercomputer,Vietnam,1991,490,629,False
123456782,Will LLC,99990,s1-supercomputer,Pakistan,2014,9963,160,True
123456775,ABC Dogma,99983,s9-supercomputer,United States of America,1993,4721,347,True
123456771,Kulas Inc,99989,s2-supercomputer,Panama,2017,3419,517,True
123456785,Loolo INC,99985,s1-supercomputer,Tuvalu,1980,342,207,False
123456773,Gen Power,99998,s9-supercomputer,Iceland,2000,9290,289,False
123456785,SAS Web Tec,99982,s8-supercomputer,Australia,1996,130,342,False
123456785,Loolo INC,99993,s7-supercomputer,Papua New Guinea,2010,2623,462,True
123456779,SAS Web Tec,99986,s8-supercomputer,Saint Pierre and Miquelon,1985,6089,103,True
123456784,Super Sexy Dingo,99994,s1-supercomputer,Guatemala,1995,9835,227,False
123456782,Pryianka Ji,99983,s8-supercomputer,San Marino,1983,6757,133,False
123456770,Pryianka Ji,99980,s4-supercomputer,French Southern Territories,2001,412,19,False
123456787,Gen Power,99991,s6-supercomputer,Macao,2009,941,454,True
123456773,Name IT,99986,s1-supercomputer,Oman,1980,3032,471,False
123456777,Kulas Inc,99989,s9-supercomputer,Georgia,1975,3258,666,True
123456773,ABC Dogma,99981,s2-supercomputer,Philippines,1986,7771,427,False
123456786,ABC Dogma,99997,s4-supercomputer,Guyana,2012,7544,690,False
123456785,Name IT,99987,s3-supercomputer,Latvia,1987,869,228,True
123456782,SAS Web Tec,99986,s9-supercomputer,Ecuador,1983,9261,652,True
123456784,Super Sexy Dingo,99986,s8-supercomputer,China,2008,696,123,True
123456779,Loolo INC,99999,s10-supercomputer,Gibraltar,1991,9360,625,True
123456787,My SQ Man,99985,s8-supercomputer,Andorra,1988,9450,14,True
123456774,Gen Power,99981,s4-supercomputer,Cocos (Keeling) Islands,1987,4806,513,True
123456784,Loolo INC,99994,s8-supercomputer,Somalia,2002,942,550,False
123456776,Gen Power,99997,s11-supercomputer,Botswana,2014,5585,347,False
123456789,My SQ Man,99987,s3-supercomputer,Netherlands Antilles,2011,7787,294,True
123456771,Kulas Inc,99982,s6-supercomputer,Seychelles,1976,7973,627,False
123456789,GitHub,99991,s11-supercomputer,Yemen,2013,4644,137,False
123456777,GitHub,99980,s11-supercomputer,Niue,2005,7470,103,False
123456773,Gen Power,99995,s2-supercomputer,Botswana,1995,5761,563,False
123456774,Will LLC,99980,s5-supercomputer,Albania,2008,3393,594,False
123456777,SAS Web Tec,99994,s9-supercomputer,Norway,1990,7764,479,False
123456776,Loolo INC,99986,s7-supercomputer,Armenia,1994,6816,238,True
123456776,Kirlosker Service Center,99995,s1-supercomputer,Afghanistan,2015,3840,390,False
123456789,Name IT,99983,s11-supercomputer,Montenegro,1998,9452,556,False
123456781,ABC Dogma,99981,s6-supercomputer,Mauritius,2009,3223,583,False
123456778,My SQ Man,99997,s5-supercomputer,Swaziland,1975,6918,486,True
123456780,ABC Dogma,99981,s11-supercomputer,Bosnia and Herzegovina,1990,6426,438,True
123456771,Name IT,99983,s4-supercomputer,Japan,2001,4195,201,False
123456772,Loolo INC,99993,s5-supercomputer,Saint Kitts and Nevis,1984,5429,532,False
123456786,Loolo INC,99981,s3-supercomputer,Holy See (Vatican City State),1977,7880,145,True
123456781,SAS Web Tec,99982,s2-supercomputer,Israel,2010,7656,398,False
123456779,Kulas Inc,99986,s11-supercomputer,Israel,1995,1957,121,True
123456773,Loolo INC,99995,s3-supercomputer,Saint Pierre and Miquelon,1976,2698,278,False
123456779,Kulas Inc,99981,s7-supercomputer,Tunisia,1970,4636,432,False
123456784,Loolo INC,99996,s5-supercomputer,Czech Republic,1972,8580,436,False
123456774,Kulas Inc,99980,s11-supercomputer,Gambia,2016,6983,189,True
123456786,SAS Web Tec,99990,s1-supercomputer,Taiwan,2006,3550,302,True
123456770,Gen Power,99985,s9-supercomputer,Iran,2007,404,362,False
123456789,Gen Power,99999,s11-supercomputer,Christmas Island,1979,2450,564,True
123456782,Kirlosker Service Center,99983,s7-supercomputer,Svalbard & Jan Mayen Islands,2012,4138,394,False
123456788,Pryianka Ji,99994,s5-supercomputer,Algeria,2018,9079,150,True
123456775,Super Sexy Dingo,99989,s8-supercomputer,Turkey,2001,4753,685,False
123456788,GitHub,99995,s8-supercomputer,France,1996,3351,263,False
123456772,Kirlosker Service Center,99993,s1-supercomputer,Saint Kitts and Nevis,1985,5625,282,False
123456779,Will LLC,99997,s11-supercomputer,Uzbekistan,2011,2286,42,True
123456783,My SQ Man,99996,s5-supercomputer,Saint Vincent and the Grenadines,1980,4728,652,True
123456770,Will LLC,99981,s5-supercomputer,India,1994,8344,456,True
123456773,Super Sexy Dingo,99995,s8-supercomputer,Lesotho,1970,2882,121,True
123456776,GitHub,99985,s6-supercomputer,Isle of Man,1975,9987,32,False
123456784,Kulas Inc,99982,s9-supercomputer,Hungary,2008,8370,324,True
123456773,Gen Power,99986,s7-supercomputer,Bhutan,2018,4556,629,True
123456772,Name IT,99985,s10-supercomputer,Oman,2007,9430,264,False
123456781,Loolo INC,99983,s2-supercomputer,Nauru,1976,8823,689,False
123456776,GitHub,99991,s2-supercomputer,United Kingdom,1970,7950,425,False
123456777,Kulas Inc,99983,s10-supercomputer,Angola,1994,2566,365,True
123456781,Kulas Inc,99995,s5-supercomputer,Macao,1984,4496,262,True
123456785,Will LLC,99994,s3-supercomputer,Congo,1982,4787,210,True
123456771,Pryianka Ji,99989,s7-supercomputer,Kazakhstan,2016,6520,117,False
123456780,Gen Power,99982,s9-supercomputer,Israel,2009,4360,503,False
123456779,Name IT,99986,s1-supercomputer,Togo,1979,5959,485,True
123456779,Super Sexy Dingo,99985,s1-supercomputer,Angola,1970,8199,612,True
123456775,Loolo INC,99982,s7-supercomputer,Montenegro,1991,403,186,True
123456786,My SQ Man,99982,s8-supercomputer,Sweden,1995,84,526,False
123456786,Kulas Inc,99991,s3-supercomputer,Micronesia,1981,3796,95,True
123456781,GitHub,99991,s7-supercomputer,Panama,2010,7174,274,True
123456778,My SQ Man,99997,s6-supercomputer,Western Sahara,1990,1653,463,True
123456784,Loolo INC,99985,s6-supercomputer,Trinidad and Tobago,1983,7108,584,True
123456783,Gen Power,99986,s10-supercomputer,Zambia,2011,3253,658,False
123456787,Kirlosker Service Center,99996,s4-supercomputer,Panama,1992,8901,640,False
123456779,GitHub,99997,s5-supercomputer,Bulgaria,1998,3066,359,False
123456787,Will LLC,99985,s5-supercomputer,Slovakia (Slovak Republic),1996,9977,317,False
123456775,Kulas Inc,99986,s6-supercomputer,Finland,1970,8819,282,True
123456772,Will LLC,99997,s8-supercomputer,Lao People's Democratic Republic,1998,1643,57,True
123456777,Gen Power,99989,s9-supercomputer,Latvia,1973,4350,34,False
123456785,Kulas Inc,99992,s6-supercomputer,Montenegro,2015,9904,357,True
123456781,Will LLC,99980,s10-supercomputer,Bermuda,2009,4544,479,True
123456778,SAS Web Tec,99996,s9-supercomputer,Tajikistan,1996,8493,85,False
123456781,Super Sexy Dingo,99987,s6-supercomputer,Venezuela,1977,224,654,False
123456783,Super Sexy Dingo,99993,s7-supercomputer,Mali,2013,4341,16,True
123456789,Kirlosker Service Center,99997,s4-supercomputer,Yemen,2007,9808,615,False
123456779,Super Sexy Dingo,99990,s4-supercomputer,Costa Rica,1972,102,321,False
123456778,ABC Dogma,99987,s3-supercomputer,Montenegro,2015,7600,347,True
123456772,Gen Power,99983,s1-supercomputer,Brazil,1996,8324,611,False
123456784,GitHub,99981,s7-supercomputer,Brunei Darussalam,1999,4570,284,False
123456770,Loolo INC,99994,s4-supercomputer,Sri Lanka,2019,1920,627,True
123456771,Kirlosker Service Center,99992,s9-supercomputer,Peru,2010,5301,654,False
123456782,Will LLC,99985,s5-supercomputer,Niue,1983,5200,226,False
123456781,Will LLC,99985,s9-supercomputer,Saint Helena,1990,824,356,True
123456783,Will LLC,99989,s7-supercomputer,Paraguay,1976,7423,413,True
123456788,Will LLC,99998,s10-supercomputer,Equatorial Guinea,1995,655,400,False
123456785,GitHub,99986,s1-supercomputer,Philippines,1997,2976,667,True
123456783,ABC Dogma,99989,s7-supercomputer,French Southern Territories,2016,463,88,False
123456775,ABC Dogma,99993,s10-supercomputer,Sao Tome and Principe,1986,3013,653,True
123456774,Kirlosker Service Center,99986,s7-supercomputer,Uruguay,1991,9246,639,True
123456785,GitHub,99981,s1-supercomputer,France,1972,1349,109,False
123456776,Loolo INC,99989,s10-supercomputer,Northern Mariana Islands,1976,9173,51,False
123456778,Kirlosker Service Center,99998,s4-supercomputer,Namibia,2003,5090,95,False
123456777,Pryianka Ji,99981,s11-supercomputer,Ukraine,2018,5540,585,False
123456785,Kulas Inc,99983,s1-supercomputer,Reunion,2016,1244,517,False
123456787,Kulas Inc,99989,s7-supercomputer,Bermuda,1979,9800,83,False
123456780,Loolo INC,99980,s7-supercomputer,Cambodia,1995,7291,364,True
123456771,Gen Power,99999,s4-supercomputer,South Africa,1982,3389,614,False
123456771,ABC Dogma,99995,s9-supercomputer,Taiwan,2008,830,309,True
123456789,SAS Web Tec,99989,s9-supercomputer,Cuba,1988,7812,131,False
123456778,Pryianka Ji,99993,s8-supercomputer,Vietnam,1994,3646,142,True
123456789,ABC Dogma,99985,s8-supercomputer,Venezuela,1990,3768,563,True
123456786,Loolo INC,99993,s2-supercomputer,Niger,2011,4537,326,True
123456780,Gen Power,99989,s10-supercomputer,Indonesia,1992,9827,521,False
123456788,Pryianka Ji,99985,s7-supercomputer,Chile,1983,2436,268,False
123456770,Gen Power,99983,s4-supercomputer,Burkina Faso,1988,4066,120,True
123456774,Name IT,99986,s9-supercomputer,Christmas Island,1989,6825,687,False
123456787,Loolo INC,99981,s9-supercomputer,Palestinian Territory,1979,6805,378,False
123456787,ABC Dogma,99990,s4-supercomputer,Bahamas,2001,8626,481,True
123456777,ABC Dogma,99994,s7-supercomputer,Guinea-Bissau,1985,1679,381,True
123456778,Name IT,99983,s6-supercomputer,Poland,1978,4907,277,True
123456773,SAS Web Tec,99995,s7-supercomputer,Saint Pierre and Miquelon,2015,9244,398,False
123456776,GitHub,99981,s3-supercomputer,Gambia,1984,650,617,True
123456775,SAS Web Tec,99999,s7-supercomputer,Denmark,1973,5802,35,False
123456771,SAS Web Tec,99989,s5-supercomputer,Albania,2017,6917,212,False
123456772,SAS Web Tec,99985,s9-supercomputer,South Africa,2005,7428,591,True
123456788,Pryianka Ji,99985,s3-supercomputer,Bulgaria,1984,4516,212,False
123456785,Gen Power,99991,s1-supercomputer,Guinea-Bissau,1975,3339,40,False
123456783,SAS Web Tec,99996,s9-supercomputer,Poland,1994,9768,491,True
123456781,Kirlosker Service Center,99990,s10-supercomputer,Indonesia,1991,2922,638,False
123456776,Will LLC,99998,s7-supercomputer,Faroe Islands,1985,7276,285,True
123456777,Name IT,99992,s3-supercomputer,Madagascar,2018,8656,56,True
123456778,Kulas Inc,99987,s10-supercomputer,Ecuador,2012,4593,458,False
123456783,Kulas Inc,99990,s2-supercomputer,Dominica,2019,8113,338,True
123456780,Pryianka Ji,99991,s8-supercomputer,El Salvador,1974,9555,308,False
123456773,Kirlosker Service Center,99985,s9-supercomputer,Montserrat,1974,5265,285,False
123456785,Name IT,99985,s8-supercomputer,Norway,2017,2124,106,False
123456789,My SQ Man,99985,s5-supercomputer,Aruba,1970,4149,549,True
123456778,ABC Dogma,99991,s3-supercomputer,Georgia,2011,5386,89,True
123456774,Kirlosker Service Center,99994,s5-supercomputer,Vietnam,1979,1679,690,True
123456787,SAS Web Tec,99993,s11-supercomputer,Nepal,1980,2375,337,False
123456785,GitHub,99993,s8-supercomputer,Uruguay,2012,1513,664,False
123456773,Name IT,99990,s1-supercomputer,South Africa,2000,1662,220,False
123456787,Kulas Inc,99986,s4-supercomputer,Niue,1976,1501,554,True
123456775,Kulas Inc,99985,s2-supercomputer,Panama,1977,5818,524,True
123456774,ABC Dogma,99992,s4-supercomputer,Guatemala,1993,9145,334,False
123456772,Gen Power,99986,s1-supercomputer,Gibraltar,2012,354,422,True
123456786,ABC Dogma,99987,s10-supercomputer,Indonesia,1996,6148,656,False
123456788,Kulas Inc,99995,s11-supercomputer,Palau,1976,9316,572,False
123456783,Will LLC,99995,s8-supercomputer,Togo,2011,9923,102,False
123456776,Kirlosker Service Center,99981,s4-supercomputer,Zimbabwe,2019,1508,441,False
123456777,GitHub,99996,s2-supercomputer,Congo,1985,8446,610,True
123456779,Pryianka Ji,99999,s7-supercomputer,Monaco,1981,8917,180,False
123456780,Super Sexy Dingo,99987,s11-supercomputer,Australia,1996,9947,677,True
123456788,Gen Power,99999,s4-supercomputer,Madagascar,1978,6099,89,True
123456781,Will LLC,99982,s6-supercomputer,Gabon,2017,8941,286,True
123456788,GitHub,99986,s1-supercomputer,Vietnam,1970,309,326,True
123456777,Pryianka Ji,99994,s7-supercomputer,Central African Republic,1996,6198,415,False
123456780,Kirlosker Service Center,99991,s6-supercomputer,Iceland,1970,6163,419,False
123456773,Kirlosker Service Center,99980,s10-supercomputer,Northern Mariana Islands,1976,7815,552,False
123456776,GitHub,99996,s1-supercomputer,Costa Rica,1974,2637,566,False
123456777,Kulas Inc,99990,s8-supercomputer,American Samoa,1978,1660,187,False
123456770,Name IT,99991,s4-supercomputer,Saint Martin,2004,1438,495,False
123456788,Kirlosker Service Center,99999,s9-supercomputer,Kyrgyz Republic,2000,2455,560,False
123456771,Loolo INC,99991,s7-supercomputer,Vietnam,1971,2982,680,False
123456775,Loolo INC,99995,s5-supercomputer,South Georgia and the South Sandwich Islands,2011,8298,361,True
123456783,Will LLC,99987,s7-supercomputer,Azerbaijan,1995,6254,285,False
123456771,My SQ Man,99982,s5-supercomputer,Namibia,1979,4784,181,True
123456786,Kirlosker Service Center,99987,s6-supercomputer,Afghanistan,2001,6701,693,False
123456778,ABC Dogma,99992,s6-supercomputer,Eritrea,1977,4284,68,False
123456786,Kirlosker Service Center,99997,s11-supercomputer,Taiwan,2008,563,697,True
123456785,Super Sexy Dingo,99986,s3-supercomputer,Antigua and Barbuda,1979,8660,163,False
123456780,Will LLC,99994,s11-supercomputer,Guadeloupe,1983,2093,229,False
123456771,Gen Power,99980,s1-supercomputer,Lesotho,1979,320,493,False
123456775,Name IT,99996,s11-supercomputer,Tanzania,1971,8327,368,True
123456778,Kirlosker Service Center,99990,s6-supercomputer,Croatia,2015,8290,642,True
123456783,Will LLC,99987,s10-supercomputer,French Polynesia,1980,1579,193,False
123456788,Super Sexy Dingo,99995,s10-supercomputer,Mali,1970,8865,246,True
123456772,Kulas Inc,99992,s6-supercomputer,Malawi,2005,2160,375,True
123456770,Name IT,99982,s11-supercomputer,Heard Island and McDonald Islands,2013,6044,479,True
123456778,Kirlosker Service Center,99986,s2-supercomputer,Togo,1976,130,87,False
123456775,Kirlosker Service Center,99983,s6-supercomputer,Dominica,1993,3864,383,True
123456775,Will LLC,99995,s7-supercomputer,Bahrain,1995,6560,369,True
123456788,Loolo INC,99993,s4-supercomputer,Egypt,1987,5312,186,False
123456780,SAS Web Tec,99982,s3-supercomputer,Bhutan,1977,9300,388,False
123456789,My SQ Man,99981,s7-supercomputer,Jamaica,1974,6961,667,True
123456785,My SQ Man,99986,s7-supercomputer,Ethiopia,2005,410,432,False
123456775,Kulas Inc,99999,s7-supercomputer,Uzbekistan,1973,7980,280,False
123456770,Name IT,99992,s9-supercomputer,Papua New Guinea,1977,7550,668,False
123456785,Kulas Inc,99993,s5-supercomputer,Congo,1989,9026,82,False
123456788,Kirlosker Service Center,99981,s9-supercomputer,Singapore,1988,2494,669,False
123456770,ABC Dogma,99999,s10-supercomputer,Poland,2018,2360,455,False
123456786,Kulas Inc,99991,s6-supercomputer,Italy,1985,292,384,True
123456789,Will LLC,99986,s6-supercomputer,Guernsey,1995,2488,522,False
123456777,Loolo INC,99991,s4-supercomputer,Mayotte,1983,6316,157,False
123456782,GitHub,99985,s2-supercomputer,Saint Helena,2009,3219,391,True
123456775,Super Sexy Dingo,99991,s6-supercomputer,Togo,1989,7976,20,False
123456771,Kirlosker Service Center,99985,s9-supercomputer,Saint Barthelemy,2006,2923,414,True
123456780,GitHub,99980,s11-supercomputer,Singapore,2018,6717,647,True
123456788,Name IT,99995,s6-supercomputer,Qatar,1982,3259,452,True
123456779,Pryianka Ji,99996,s2-supercomputer,Israel,1992,6506,436,True
123456776,Loolo INC,99999,s4-supercomputer,Saint Helena,2012,5654,18,False
123456781,Gen Power,99993,s8-supercomputer,Malta,1977,9398,253,True
123456786,My SQ Man,99983,s11-supercomputer,Belgium,2018,2515,505,False
123456777,Will LLC,99987,s11-supercomputer,Reunion,1992,5427,427,False
123456775,Loolo INC,99995,s7-supercomputer,United States Virgin Islands,1985,5554,255,True
123456778,Kulas Inc,99983,s6-supercomputer,Belize,1992,5068,135,True
123456780,My SQ Man,99989,s6-supercomputer,Norfolk Island,2008,620,575,False
123456771,Kulas Inc,99995,s11-supercomputer,United Kingdom,1994,6197,246,True
123456788,Loolo INC,99986,s1-supercomputer,United Kingdom,1973,1567,642,False
123456785,Kirlosker Service Center,99987,s3-supercomputer,Antigua and Barbuda,1991,8210,602,False
123456775,My SQ Man,99996,s1-supercomputer,Qatar,1991,4682,341,False
123456777,SAS Web Tec,99986,s5-supercomputer,Bangladesh,2019,4530,39,False
123456773,ABC Dogma,99980,s8-supercomputer,Nepal,1973,104,136,True
123456773,Name IT,99990,s9-supercomputer,Mauritius,1998,9280,182,False
123456770,GitHub,99982,s6-supercomputer,Bouvet Island (Bouvetoya),1979,9778,78,True
123456771,ABC Dogma,99981,s7-supercomputer,France,2018,1522,138,True
123456779,Super Sexy Dingo,99981,s11-supercomputer,Guadeloupe,1989,6652,109,True
123456784,ABC Dogma,99981,s10-supercomputer,Guam,2011,7073,495,True
123456770,Pryianka Ji,99981,s5-supercomputer,Taiwan,1981,7992,224,False
123456771,GitHub,99987,s7-supercomputer,Senegal,1982,3385,416,True
123456789,Name IT,99980,s3-supercomputer,Uruguay,1971,3334,353,False
123456782,SAS Web Tec,99987,s6-supercomputer,Dominica,1995,439,691,True
123456785,Name IT,99995,s11-supercomputer,Yemen,1997,5719,492,False
123456772,Gen Power,99993,s7-supercomputer,Cote d'Ivoire,2003,656,31,False
123456788,Name IT,99991,s4-supercomputer,France,1987,9812,79,True
123456778,Gen Power,99990,s11-supercomputer,Cyprus,1971,4869,559,False
123456771,My SQ Man,99980,s8-supercomputer,Sudan,1994,9232,335,True
123456789,Loolo INC,99995,s2-supercomputer,Chad,1989,1706,95,False
123456787,ABC Dogma,99986,s3-supercomputer,Maldives,1989,607,340,True
123456779,Kulas Inc,99987,s10-supercomputer,Norway,2010,8688,447,False
123456770,ABC Dogma,99992,s11-supercomputer,Isle of Man,1994,5659,374,False
123456783,Will LLC,99982,s10-supercomputer,Ecuador,1977,9861,56,True
123456775,SAS Web Tec,99992,s11-supercomputer,Kiribati,1984,610,344,False
123456778,Kirlosker Service Center,99980,s11-supercomputer,Iceland,2009,4947,268,False
123456770,SAS Web Tec,99990,s8-supercomputer,Saint Kitts and Nevis,1983,9374,541,True
123456780,Kulas Inc,99993,s6-supercomputer,Brunei Darussalam,2005,130,518,True
123456785,Will LLC,99996,s3-supercomputer,Brunei Darussalam,2001,3477,368,False
123456787,Kirlosker Service Center,99985,s6-supercomputer,United States Minor Outlying Islands,1975,422,299,True
123456771,Loolo INC,99989,s9-supercomputer,Egypt,1982,8902,453,True
123456784,Will LLC,99998,s9-supercomputer,Cote d'Ivoire,1992,8743,171,True
123456774,My SQ Man,99998,s4-supercomputer,Cocos (Keeling) Islands,1972,1836,213,True
123456781,Name IT,99997,s1-supercomputer,Saint Lucia,1993,1798,609,False
123456787,Will LLC,99985,s4-supercomputer,Norfolk Island,1975,1521,302,False
123456779,Name IT,99991,s11-supercomputer,Sweden,2000,2891,286,True
123456775,My SQ Man,99996,s4-supercomputer,Guatemala,2015,2324,570,False
123456777,Gen Power,99999,s11-supercomputer,Cote d'Ivoire,2006,8031,604,False
123456775,SAS Web Tec,99991,s3-supercomputer,Montserrat,1996,964,695,True
123456788,Kirlosker Service Center,99995,s2-supercomputer,Slovakia (Slovak Republic),2007,114,88,False
123456788,My SQ Man,99997
